[
{
  "model": "contenttypes.contenttype",
  "pk": 1,
  "fields": {
    "app_label": "admin",
    "model": "logentry"
  }
},
{
  "model": "contenttypes.contenttype",
  "pk": 2,
  "fields": {
    "app_label": "auth",
    "model": "permission"
  }
},
{
  "model": "contenttypes.contenttype",
  "pk": 3,
  "fields": {
    "app_label": "auth",
    "model": "group"
  }
},
{
  "model": "contenttypes.contenttype",
  "pk": 4,
  "fields": {
    "app_label": "auth",
    "model": "user"
  }
},
{
  "model": "contenttypes.contenttype",
  "pk": 5,
  "fields": {
    "app_label": "contenttypes",
    "model": "contenttype"
  }
},
{
  "model": "contenttypes.contenttype",
  "pk": 6,
  "fields": {
    "app_label": "sessions",
    "model": "session"
  }
},
{
  "model": "contenttypes.contenttype",
  "pk": 7,
  "fields": {
    "app_label": "webapp",
    "model": "category"
  }
},
{
  "model": "contenttypes.contenttype",
  "pk": 8,
  "fields": {
    "app_label": "webapp",
    "model": "product"
  }
},
{
  "model": "contenttypes.contenttype",
  "pk": 9,
  "fields": {
    "app_label": "webapp",
    "model": "subcategory"
  }
},
{
  "model": "contenttypes.contenttype",
  "pk": 10,
  "fields": {
    "app_label": "webapp",
    "model": "deliveryaddress"
  }
},
{
  "model": "contenttypes.contenttype",
  "pk": 11,
  "fields": {
    "app_label": "webapp",
    "model": "order"
  }
},
{
  "model": "contenttypes.contenttype",
  "pk": 12,
  "fields": {
    "app_label": "webapp",
    "model": "orderproduct"
  }
},
{
  "model": "contenttypes.contenttype",
  "pk": 13,
  "fields": {
    "app_label": "webapp",
    "model": "review"
  }
},
{
  "model": "contenttypes.contenttype",
  "pk": 14,
  "fields": {
    "app_label": "webapp",
    "model": "image"
  }
},
{
  "model": "contenttypes.contenttype",
  "pk": 15,
  "fields": {
    "app_label": "webapp",
    "model": "news"
  }
},
{
  "model": "contenttypes.contenttype",
  "pk": 16,
  "fields": {
    "app_label": "webapp",
    "model": "brand"
  }
},
{
  "model": "contenttypes.contenttype",
  "pk": 17,
  "fields": {
    "app_label": "accounts",
    "model": "token"
  }
},
{
  "model": "contenttypes.contenttype",
  "pk": 18,
  "fields": {
    "app_label": "accounts",
    "model": "profile"
  }
},
{
  "model": "contenttypes.contenttype",
  "pk": 19,
  "fields": {
    "app_label": "webapp",
    "model": "carousel"
  }
},
{
  "model": "contenttypes.contenttype",
  "pk": 20,
  "fields": {
    "app_label": "webapp",
    "model": "deliverycost"
  }
},
{
  "model": "sessions.session",
  "pk": "5ur4ii2hvrwoi15pzzf5uw5s5v737iun",
  "fields": {
    "session_data": "Mzg3MzA0NWM2NDZhYTJjZTRkOGRmMjNiOWQ2MDRmNGM0ZGI5NzM4YTp7Il9hdXRoX3VzZXJfaWQiOiIxIiwiX2F1dGhfdXNlcl9iYWNrZW5kIjoiZGphbmdvLmNvbnRyaWIuYXV0aC5iYWNrZW5kcy5Nb2RlbEJhY2tlbmQiLCJfYXV0aF91c2VyX2hhc2giOiIxY2MxYWE2ZGNlNDkxZWMzMDhhMWNiNDNmZTQ2MzFhNjgzMDlmYzc1In0=",
    "expire_date": "2020-06-03T13:10:03.626Z"
  }
},
{
  "model": "sessions.session",
  "pk": "je2h2fmcl25ptacop1gawh58pivqp4bt",
  "fields": {
    "session_data": "Mzg3MzA0NWM2NDZhYTJjZTRkOGRmMjNiOWQ2MDRmNGM0ZGI5NzM4YTp7Il9hdXRoX3VzZXJfaWQiOiIxIiwiX2F1dGhfdXNlcl9iYWNrZW5kIjoiZGphbmdvLmNvbnRyaWIuYXV0aC5iYWNrZW5kcy5Nb2RlbEJhY2tlbmQiLCJfYXV0aF91c2VyX2hhc2giOiIxY2MxYWE2ZGNlNDkxZWMzMDhhMWNiNDNmZTQ2MzFhNjgzMDlmYzc1In0=",
    "expire_date": "2020-06-09T21:46:19.186Z"
  }
},
{
  "model": "sessions.session",
  "pk": "l6zx1dfzs6y7jf52dd8uhw6yfcudtqr4",
  "fields": {
    "session_data": "Mzg3MzA0NWM2NDZhYTJjZTRkOGRmMjNiOWQ2MDRmNGM0ZGI5NzM4YTp7Il9hdXRoX3VzZXJfaWQiOiIxIiwiX2F1dGhfdXNlcl9iYWNrZW5kIjoiZGphbmdvLmNvbnRyaWIuYXV0aC5iYWNrZW5kcy5Nb2RlbEJhY2tlbmQiLCJfYXV0aF91c2VyX2hhc2giOiIxY2MxYWE2ZGNlNDkxZWMzMDhhMWNiNDNmZTQ2MzFhNjgzMDlmYzc1In0=",
    "expire_date": "2020-05-16T13:36:35.356Z"
  }
},
{
  "model": "sessions.session",
  "pk": "twe3b0reqkcc2irjecyv0aip41uxlccj",
  "fields": {
    "session_data": "OGYwNWE2ZDlmNGZhMzJiMTM1NGNhYjZmMTQ2NjNiMDE1YjZmM2I4Zjp7InByb2R1Y3RzIjpbIjMiLCIzIiwiMyIsIjMiLCIxIiwiMSJdLCJwcm9kdWN0c19jb3VudCI6NiwiX2F1dGhfdXNlcl9pZCI6IjEiLCJfYXV0aF91c2VyX2JhY2tlbmQiOiJkamFuZ28uY29udHJpYi5hdXRoLmJhY2tlbmRzLk1vZGVsQmFja2VuZCIsIl9hdXRoX3VzZXJfaGFzaCI6IjFjYzFhYTZkY2U0OTFlYzMwOGExY2I0M2ZlNDYzMWE2ODMwOWZjNzUifQ==",
    "expire_date": "2020-06-16T06:00:55.487Z"
  }
},
{
  "model": "webapp.category",
  "pk": 1,
  "fields": {
    "category_name": "\u0411\u0443\u043c\u0430\u0436\u043d\u0430\u044f \u043f\u0440\u043e\u0434\u0443\u043a\u0446\u0438\u044f",
    "photo": "category_images/bum-izdelia_nQT7gWi.png"
  }
},
{
  "model": "webapp.category",
  "pk": 2,
  "fields": {
    "category_name": "\u0422\u043e\u0432\u0430\u0440\u044b \u0434\u043b\u044f \u0442\u0432\u043e\u0440\u0447\u0435\u0441\u0442\u0432\u0430",
    "photo": "category_images/child.png"
  }
},
{
  "model": "webapp.category",
  "pk": 3,
  "fields": {
    "category_name": "\u041a\u0430\u043d\u0446\u0442\u043e\u0432\u0430\u0440\u044b",
    "photo": "category_images/kanc.png"
  }
},
{
  "model": "webapp.category",
  "pk": 4,
  "fields": {
    "category_name": "\u0425\u043e\u0437\u044f\u0439\u0441\u0442\u0432\u0435\u043d\u043d\u044b\u0435 \u0442\u043e\u0432\u0430\u0440\u044b",
    "photo": "category_images/hoz.png"
  }
},
{
  "model": "webapp.category",
  "pk": 5,
  "fields": {
    "category_name": "\u041a\u043e\u043c\u043f\u044c\u044e\u0442\u0435\u0440\u044b \u0438 \u043f\u0435\u0440\u0438\u0444\u0435\u0440\u0438\u044f",
    "photo": "category_images/kanc_RGjD43H.png"
  }
},
{
  "model": "webapp.category",
  "pk": 7,
  "fields": {
    "category_name": "\u041a\u0430\u0440\u0442\u0440\u0438\u0434\u0436\u0438",
    "photo": "category_images/hoz_q9MlKRM.png"
  }
},
{
  "model": "webapp.category",
  "pk": 8,
  "fields": {
    "category_name": "\u0422\u043e\u0432\u0430\u0440\u044b \u0434\u043b\u044f \u0448\u043a\u043e\u043b\u044b",
    "photo": "category_images/child_9vNh743.png"
  }
},
{
  "model": "webapp.category",
  "pk": 9,
  "fields": {
    "category_name": "\u041e\u0444\u0438\u0441\u043d\u0430\u044f \u0442\u0435\u0445\u043d\u0438\u043a\u0430",
    "photo": "category_images/hoz_09CBgMR.png"
  }
},
{
  "model": "webapp.category",
  "pk": 10,
  "fields": {
    "category_name": "\u041f\u043e\u0441\u0443\u0434\u0430 \u0438 \u0442\u0435\u043a\u0441\u0442\u0438\u043b\u044c",
    "photo": "category_images/hoz_wIg5dx9.png"
  }
},
{
  "model": "webapp.category",
  "pk": 11,
  "fields": {
    "category_name": "\u0422\u043e\u0432\u0430\u0440\u044b \u0434\u043b\u044f \u0442\u043e\u0440\u0433\u043e\u0432\u043b\u0438",
    "photo": "category_images/hoz_5r1ljaf.png"
  }
},
{
  "model": "webapp.category",
  "pk": 12,
  "fields": {
    "category_name": "\u0423\u0446\u0435\u043d\u0435\u043d\u043d\u044b\u0435 \u0442\u043e\u0432\u0430\u0440\u044b",
    "photo": ""
  }
},
{
  "model": "webapp.subcategory",
  "pk": 1,
  "fields": {
    "sub_name": "\u0411\u0443\u043c\u0430\u0433\u0430 \u04304",
    "category": 1
  }
},
{
  "model": "webapp.subcategory",
  "pk": 2,
  "fields": {
    "sub_name": "\u0411\u0443\u043c\u0430\u0433\u0430 \u04303",
    "category": 1
  }
},
{
  "model": "webapp.subcategory",
  "pk": 3,
  "fields": {
    "sub_name": "\u041a\u0438\u0441\u0442\u0438",
    "category": 2
  }
},
{
  "model": "webapp.subcategory",
  "pk": 4,
  "fields": {
    "sub_name": "\u041c\u043e\u043b\u044c\u0431\u0435\u0440\u0442\u044b",
    "category": 2
  }
},
{
  "model": "webapp.subcategory",
  "pk": 5,
  "fields": {
    "sub_name": "\u0420\u044e\u043a\u0437\u0430\u043a",
    "category": 8
  }
},
{
  "model": "webapp.subcategory",
  "pk": 6,
  "fields": {
    "sub_name": "\u041f\u0440\u0438\u043d\u0442\u0435\u0440\u044b",
    "category": 9
  }
},
{
  "model": "webapp.subcategory",
  "pk": 7,
  "fields": {
    "sub_name": "\u041a\u043e\u043f\u0438\u0440\u043e\u0432\u0430\u043b\u044c\u043d\u044b\u0435 \u043c\u0430\u0448\u0438\u043d\u044b",
    "category": 9
  }
},
{
  "model": "webapp.subcategory",
  "pk": 8,
  "fields": {
    "sub_name": "\u0412\u0435\u0434\u0440\u0430",
    "category": 4
  }
},
{
  "model": "webapp.subcategory",
  "pk": 21,
  "fields": {
    "sub_name": "\u0411\u0443\u043c\u0430\u0433\u0430 \u04105",
    "category": 1
  }
},
{
  "model": "webapp.brand",
  "pk": 2,
  "fields": {
    "brand_name": "Bic",
    "photo": "brand_images/orig.jpg"
  }
},
{
  "model": "webapp.brand",
  "pk": 3,
  "fields": {
    "brand_name": "\u041b\u0443\u0447",
    "photo": "brand_images/Unknown.jpg"
  }
},
{
  "model": "webapp.brand",
  "pk": 4,
  "fields": {
    "brand_name": "\u0413\u0430\u043c\u043c\u0430",
    "photo": "brand_images/orig.png"
  }
},
{
  "model": "webapp.brand",
  "pk": 5,
  "fields": {
    "brand_name": "Faber-castell",
    "photo": "brand_images/faber_sastell.png"
  }
},
{
  "model": "webapp.brand",
  "pk": 6,
  "fields": {
    "brand_name": "Erichkrause",
    "photo": "brand_images/scale_1200.png"
  }
},
{
  "model": "webapp.product",
  "pk": 1,
  "fields": {
    "name": "\u041a\u0430\u0440\u0430\u043d\u0434\u0430\u0448",
    "category": 2,
    "price": "200.00",
    "in_stock": true,
    "description": null,
    "color": "#F0DEBA;",
    "discount": null,
    "date": "2021-03-29T11:41:22Z",
    "quantity": null,
    "brand": null
  }
},
{
  "model": "webapp.product",
  "pk": 2,
  "fields": {
    "name": "\u041a\u0430\u0440\u0430\u043d\u0434\u0430\u0448",
    "category": 2,
    "price": "150.00",
    "in_stock": true,
    "description": null,
    "color": "#F0DEBA;",
    "discount": null,
    "date": "2021-03-29T11:41:22Z",
    "quantity": null,
    "brand": null
  }
},
{
  "model": "webapp.product",
  "pk": 3,
  "fields": {
    "name": "\u0411\u0443\u043c\u0430\u0433\u0430 \u0421\u043d\u0435\u0433\u0443\u0440\u043e\u0447\u043a\u0430",
    "category": 1,
    "price": "120.00",
    "in_stock": true,
    "description": null,
    "color": "#F0DEBA;",
    "discount": null,
    "date": "2021-03-29T11:41:22Z",
    "quantity": null,
    "brand": null
  }
},
{
  "model": "webapp.product",
  "pk": 4,
  "fields": {
    "name": "\u0411\u0443\u043c\u0430\u0433\u0430",
    "category": 1,
    "price": "250.00",
    "in_stock": true,
    "description": null,
    "color": "#F0DEBA;",
    "discount": null,
    "date": "2021-03-29T11:41:22Z",
    "quantity": null,
    "brand": null
  }
},
{
  "model": "webapp.product",
  "pk": 5,
  "fields": {
    "name": "\u041a\u0440\u0430\u0441\u043a\u0438",
    "category": 2,
    "price": "300.00",
    "in_stock": true,
    "description": null,
    "color": "#F0DEBA;",
    "discount": null,
    "date": "2021-03-29T11:41:22Z",
    "quantity": null,
    "brand": null
  }
},
{
  "model": "webapp.product",
  "pk": 6,
  "fields": {
    "name": "\u041f\u043b\u0430\u0441\u0442\u0438\u043b\u0438\u043d",
    "category": 2,
    "price": "70.00",
    "in_stock": true,
    "description": null,
    "color": "#F0DEBA;",
    "discount": null,
    "date": "2021-03-29T11:41:22Z",
    "quantity": null,
    "brand": null
  }
},
{
  "model": "webapp.product",
  "pk": 7,
  "fields": {
    "name": "\u041f\u043b\u0430\u0441\u0442\u0438\u043b\u0438\u043d",
    "category": 2,
    "price": "80.00",
    "in_stock": true,
    "description": null,
    "color": "#F0DEBA;",
    "discount": null,
    "date": "2021-03-29T11:41:22Z",
    "quantity": null,
    "brand": null
  }
},
{
  "model": "webapp.product",
  "pk": 8,
  "fields": {
    "name": "\u0422\u0435\u0442\u0440\u0430\u0434\u0438",
    "category": 8,
    "price": "30.00",
    "in_stock": true,
    "description": null,
    "color": "#F0DEBA;",
    "discount": null,
    "date": "2021-03-29T11:41:22Z",
    "quantity": null,
    "brand": null
  }
},
{
  "model": "webapp.product",
  "pk": 9,
  "fields": {
    "name": "\u0422\u0435\u0442\u0440\u0430\u0434\u0438",
    "category": 8,
    "price": "25.00",
    "in_stock": true,
    "description": null,
    "color": "#F0DEBA;",
    "discount": null,
    "date": "2021-03-29T11:41:22Z",
    "quantity": null,
    "brand": null
  }
},
{
  "model": "webapp.product",
  "pk": 10,
  "fields": {
    "name": "test",
    "category": 1,
    "price": "100.00",
    "in_stock": false,
    "description": null,
    "color": "#F0DEBA;",
    "discount": null,
    "date": "2021-03-29T11:41:22Z",
    "quantity": null,
    "brand": null
  }
},
{
  "model": "webapp.deliveryaddress",
  "pk": 1,
  "fields": {
    "city": "Bishkek",
    "street": "\u041f\u0430\u043d\u0444\u0438\u043b\u043e\u0432\u0430",
    "building_number": "170",
    "entrance_number": "1",
    "flat_number": "17",
    "additional_info": null
  }
},
{
  "model": "webapp.deliverycost",
  "pk": 2,
  "fields": {
    "cost": 150,
    "free_from": 3000,
    "created_at": "2020-06-02T06:34:30.798Z"
  }
},
{
  "model": "webapp.image",
  "pk": 5,
  "fields": {
    "image": "product_images/9.jpg",
    "product": 1
  }
},
{
  "model": "webapp.image",
  "pk": 6,
  "fields": {
    "image": "product_images/10.jpg",
    "product": 1
  }
},
{
  "model": "webapp.image",
  "pk": 7,
  "fields": {
    "image": "product_images/9_GvwBzQ0.jpg",
    "product": 2
  }
},
{
  "model": "webapp.image",
  "pk": 8,
  "fields": {
    "image": "product_images/10_wt5H4ke.jpg",
    "product": 2
  }
},
{
  "model": "webapp.image",
  "pk": 9,
  "fields": {
    "image": "product_images/1.jpg",
    "product": 6
  }
},
{
  "model": "webapp.image",
  "pk": 10,
  "fields": {
    "image": "product_images/2.jpg",
    "product": 6
  }
},
{
  "model": "webapp.image",
  "pk": 11,
  "fields": {
    "image": "product_images/2_kphiQMP.jpg",
    "product": 7
  }
},
{
  "model": "webapp.image",
  "pk": 12,
  "fields": {
    "image": "product_images/1_ZmwhOQ0.jpg",
    "product": 7
  }
},
{
  "model": "webapp.image",
  "pk": 13,
  "fields": {
    "image": "product_images/6.jpg",
    "product": 3
  }
},
{
  "model": "webapp.image",
  "pk": 14,
  "fields": {
    "image": "product_images/5.png",
    "product": 3
  }
},
{
  "model": "webapp.image",
  "pk": 15,
  "fields": {
    "image": "product_images/5_92NOGa4.png",
    "product": 4
  }
},
{
  "model": "webapp.image",
  "pk": 16,
  "fields": {
    "image": "product_images/6_83ZQTMA.jpg",
    "product": 4
  }
},
{
  "model": "webapp.image",
  "pk": 17,
  "fields": {
    "image": "product_images/3.jpg",
    "product": 5
  }
},
{
  "model": "webapp.image",
  "pk": 18,
  "fields": {
    "image": "product_images/8.jpg",
    "product": 8
  }
},
{
  "model": "webapp.image",
  "pk": 19,
  "fields": {
    "image": "product_images/7.jpg",
    "product": 8
  }
},
{
  "model": "webapp.image",
  "pk": 20,
  "fields": {
    "image": "product_images/7_W8H3uvl.jpg",
    "product": 9
  }
},
{
  "model": "webapp.image",
  "pk": 21,
  "fields": {
    "image": "product_images/8_FJfgp06.jpg",
    "product": 9
  }
},
{
  "model": "auth.permission",
  "pk": 1,
  "fields": {
    "name": "Can add log entry",
    "content_type": [
      "admin",
      "logentry"
    ],
    "codename": "add_logentry"
  }
},
{
  "model": "auth.permission",
  "pk": 2,
  "fields": {
    "name": "Can change log entry",
    "content_type": [
      "admin",
      "logentry"
    ],
    "codename": "change_logentry"
  }
},
{
  "model": "auth.permission",
  "pk": 3,
  "fields": {
    "name": "Can delete log entry",
    "content_type": [
      "admin",
      "logentry"
    ],
    "codename": "delete_logentry"
  }
},
{
  "model": "auth.permission",
  "pk": 4,
  "fields": {
    "name": "Can view log entry",
    "content_type": [
      "admin",
      "logentry"
    ],
    "codename": "view_logentry"
  }
},
{
  "model": "auth.permission",
  "pk": 5,
  "fields": {
    "name": "Can add permission",
    "content_type": [
      "auth",
      "permission"
    ],
    "codename": "add_permission"
  }
},
{
  "model": "auth.permission",
  "pk": 6,
  "fields": {
    "name": "Can change permission",
    "content_type": [
      "auth",
      "permission"
    ],
    "codename": "change_permission"
  }
},
{
  "model": "auth.permission",
  "pk": 7,
  "fields": {
    "name": "Can delete permission",
    "content_type": [
      "auth",
      "permission"
    ],
    "codename": "delete_permission"
  }
},
{
  "model": "auth.permission",
  "pk": 8,
  "fields": {
    "name": "Can view permission",
    "content_type": [
      "auth",
      "permission"
    ],
    "codename": "view_permission"
  }
},
{
  "model": "auth.permission",
  "pk": 9,
  "fields": {
    "name": "Can add group",
    "content_type": [
      "auth",
      "group"
    ],
    "codename": "add_group"
  }
},
{
  "model": "auth.permission",
  "pk": 10,
  "fields": {
    "name": "Can change group",
    "content_type": [
      "auth",
      "group"
    ],
    "codename": "change_group"
  }
},
{
  "model": "auth.permission",
  "pk": 11,
  "fields": {
    "name": "Can delete group",
    "content_type": [
      "auth",
      "group"
    ],
    "codename": "delete_group"
  }
},
{
  "model": "auth.permission",
  "pk": 12,
  "fields": {
    "name": "Can view group",
    "content_type": [
      "auth",
      "group"
    ],
    "codename": "view_group"
  }
},
{
  "model": "auth.permission",
  "pk": 13,
  "fields": {
    "name": "Can add user",
    "content_type": [
      "auth",
      "user"
    ],
    "codename": "add_user"
  }
},
{
  "model": "auth.permission",
  "pk": 14,
  "fields": {
    "name": "Can change user",
    "content_type": [
      "auth",
      "user"
    ],
    "codename": "change_user"
  }
},
{
  "model": "auth.permission",
  "pk": 15,
  "fields": {
    "name": "Can delete user",
    "content_type": [
      "auth",
      "user"
    ],
    "codename": "delete_user"
  }
},
{
  "model": "auth.permission",
  "pk": 16,
  "fields": {
    "name": "Can view user",
    "content_type": [
      "auth",
      "user"
    ],
    "codename": "view_user"
  }
},
{
  "model": "auth.permission",
  "pk": 17,
  "fields": {
    "name": "Can add content type",
    "content_type": [
      "contenttypes",
      "contenttype"
    ],
    "codename": "add_contenttype"
  }
},
{
  "model": "auth.permission",
  "pk": 18,
  "fields": {
    "name": "Can change content type",
    "content_type": [
      "contenttypes",
      "contenttype"
    ],
    "codename": "change_contenttype"
  }
},
{
  "model": "auth.permission",
  "pk": 19,
  "fields": {
    "name": "Can delete content type",
    "content_type": [
      "contenttypes",
      "contenttype"
    ],
    "codename": "delete_contenttype"
  }
},
{
  "model": "auth.permission",
  "pk": 20,
  "fields": {
    "name": "Can view content type",
    "content_type": [
      "contenttypes",
      "contenttype"
    ],
    "codename": "view_contenttype"
  }
},
{
  "model": "auth.permission",
  "pk": 21,
  "fields": {
    "name": "Can add session",
    "content_type": [
      "sessions",
      "session"
    ],
    "codename": "add_session"
  }
},
{
  "model": "auth.permission",
  "pk": 22,
  "fields": {
    "name": "Can change session",
    "content_type": [
      "sessions",
      "session"
    ],
    "codename": "change_session"
  }
},
{
  "model": "auth.permission",
  "pk": 23,
  "fields": {
    "name": "Can delete session",
    "content_type": [
      "sessions",
      "session"
    ],
    "codename": "delete_session"
  }
},
{
  "model": "auth.permission",
  "pk": 24,
  "fields": {
    "name": "Can view session",
    "content_type": [
      "sessions",
      "session"
    ],
    "codename": "view_session"
  }
},
{
  "model": "auth.permission",
  "pk": 25,
  "fields": {
    "name": "Can add category",
    "content_type": [
      "webapp",
      "category"
    ],
    "codename": "add_category"
  }
},
{
  "model": "auth.permission",
  "pk": 26,
  "fields": {
    "name": "Can change category",
    "content_type": [
      "webapp",
      "category"
    ],
    "codename": "change_category"
  }
},
{
  "model": "auth.permission",
  "pk": 27,
  "fields": {
    "name": "Can delete category",
    "content_type": [
      "webapp",
      "category"
    ],
    "codename": "delete_category"
  }
},
{
  "model": "auth.permission",
  "pk": 28,
  "fields": {
    "name": "Can view category",
    "content_type": [
      "webapp",
      "category"
    ],
    "codename": "view_category"
  }
},
{
  "model": "auth.permission",
  "pk": 29,
  "fields": {
    "name": "Can add \u0422\u043e\u0432\u0430\u0440",
    "content_type": [
      "webapp",
      "product"
    ],
    "codename": "add_product"
  }
},
{
  "model": "auth.permission",
  "pk": 30,
  "fields": {
    "name": "Can change \u0422\u043e\u0432\u0430\u0440",
    "content_type": [
      "webapp",
      "product"
    ],
    "codename": "change_product"
  }
},
{
  "model": "auth.permission",
  "pk": 31,
  "fields": {
    "name": "Can delete \u0422\u043e\u0432\u0430\u0440",
    "content_type": [
      "webapp",
      "product"
    ],
    "codename": "delete_product"
  }
},
{
  "model": "auth.permission",
  "pk": 32,
  "fields": {
    "name": "Can view \u0422\u043e\u0432\u0430\u0440",
    "content_type": [
      "webapp",
      "product"
    ],
    "codename": "view_product"
  }
},
{
  "model": "auth.permission",
  "pk": 33,
  "fields": {
    "name": "Can add sub category",
    "content_type": [
      "webapp",
      "subcategory"
    ],
    "codename": "add_subcategory"
  }
},
{
  "model": "auth.permission",
  "pk": 34,
  "fields": {
    "name": "Can change sub category",
    "content_type": [
      "webapp",
      "subcategory"
    ],
    "codename": "change_subcategory"
  }
},
{
  "model": "auth.permission",
  "pk": 35,
  "fields": {
    "name": "Can delete sub category",
    "content_type": [
      "webapp",
      "subcategory"
    ],
    "codename": "delete_subcategory"
  }
},
{
  "model": "auth.permission",
  "pk": 36,
  "fields": {
    "name": "Can view sub category",
    "content_type": [
      "webapp",
      "subcategory"
    ],
    "codename": "view_subcategory"
  }
},
{
  "model": "auth.permission",
  "pk": 37,
  "fields": {
    "name": "Can add token",
    "content_type": [
      "webapp",
      "deliveryaddress"
    ],
    "codename": "add_token"
  }
},
{
  "model": "auth.permission",
  "pk": 38,
  "fields": {
    "name": "Can change token",
    "content_type": [
      "webapp",
      "deliveryaddress"
    ],
    "codename": "change_token"
  }
},
{
  "model": "auth.permission",
  "pk": 39,
  "fields": {
    "name": "Can delete token",
    "content_type": [
      "webapp",
      "deliveryaddress"
    ],
    "codename": "delete_token"
  }
},
{
  "model": "auth.permission",
  "pk": 40,
  "fields": {
    "name": "Can view token",
    "content_type": [
      "webapp",
      "deliveryaddress"
    ],
    "codename": "view_token"
  }
},
{
  "model": "auth.permission",
  "pk": 41,
  "fields": {
    "name": "Can add \u0410\u0434\u0440\u0435\u0441 \u0434\u043e\u0441\u0442\u0430\u0432\u043a\u0438",
    "content_type": [
      "webapp",
      "order"
    ],
    "codename": "add_deliveryaddress"
  }
},
{
  "model": "auth.permission",
  "pk": 42,
  "fields": {
    "name": "Can change \u0410\u0434\u0440\u0435\u0441 \u0434\u043e\u0441\u0442\u0430\u0432\u043a\u0438",
    "content_type": [
      "webapp",
      "order"
    ],
    "codename": "change_deliveryaddress"
  }
},
{
  "model": "auth.permission",
  "pk": 43,
  "fields": {
    "name": "Can delete \u0410\u0434\u0440\u0435\u0441 \u0434\u043e\u0441\u0442\u0430\u0432\u043a\u0438",
    "content_type": [
      "webapp",
      "order"
    ],
    "codename": "delete_deliveryaddress"
  }
},
{
  "model": "auth.permission",
  "pk": 44,
  "fields": {
    "name": "Can view \u0410\u0434\u0440\u0435\u0441 \u0434\u043e\u0441\u0442\u0430\u0432\u043a\u0438",
    "content_type": [
      "webapp",
      "order"
    ],
    "codename": "view_deliveryaddress"
  }
},
{
  "model": "auth.permission",
  "pk": 45,
  "fields": {
    "name": "Can add \u0417\u0430\u043a\u0430\u0437",
    "content_type": [
      "webapp",
      "orderproduct"
    ],
    "codename": "add_order"
  }
},
{
  "model": "auth.permission",
  "pk": 46,
  "fields": {
    "name": "Can change \u0417\u0430\u043a\u0430\u0437",
    "content_type": [
      "webapp",
      "orderproduct"
    ],
    "codename": "change_order"
  }
},
{
  "model": "auth.permission",
  "pk": 47,
  "fields": {
    "name": "Can delete \u0417\u0430\u043a\u0430\u0437",
    "content_type": [
      "webapp",
      "orderproduct"
    ],
    "codename": "delete_order"
  }
},
{
  "model": "auth.permission",
  "pk": 48,
  "fields": {
    "name": "Can view \u0417\u0430\u043a\u0430\u0437",
    "content_type": [
      "webapp",
      "orderproduct"
    ],
    "codename": "view_order"
  }
},
{
  "model": "auth.permission",
  "pk": 49,
  "fields": {
    "name": "Can add \u0422\u043e\u0432\u0430\u0440 \u0432 \u0437\u0430\u043a\u0430\u0437\u0435",
    "content_type": [
      "webapp",
      "review"
    ],
    "codename": "add_orderproduct"
  }
},
{
  "model": "auth.permission",
  "pk": 50,
  "fields": {
    "name": "Can change \u0422\u043e\u0432\u0430\u0440 \u0432 \u0437\u0430\u043a\u0430\u0437\u0435",
    "content_type": [
      "webapp",
      "review"
    ],
    "codename": "change_orderproduct"
  }
},
{
  "model": "auth.permission",
  "pk": 51,
  "fields": {
    "name": "Can delete \u0422\u043e\u0432\u0430\u0440 \u0432 \u0437\u0430\u043a\u0430\u0437\u0435",
    "content_type": [
      "webapp",
      "review"
    ],
    "codename": "delete_orderproduct"
  }
},
{
  "model": "auth.permission",
  "pk": 52,
  "fields": {
    "name": "Can view \u0422\u043e\u0432\u0430\u0440 \u0432 \u0437\u0430\u043a\u0430\u0437\u0435",
    "content_type": [
      "webapp",
      "review"
    ],
    "codename": "view_orderproduct"
  }
},
{
  "model": "auth.permission",
  "pk": 53,
  "fields": {
    "name": "Can add Profile",
    "content_type": [
      "webapp",
      "image"
    ],
    "codename": "add_profile"
  }
},
{
  "model": "auth.permission",
  "pk": 54,
  "fields": {
    "name": "Can change Profile",
    "content_type": [
      "webapp",
      "image"
    ],
    "codename": "change_profile"
  }
},
{
  "model": "auth.permission",
  "pk": 55,
  "fields": {
    "name": "Can delete Profile",
    "content_type": [
      "webapp",
      "image"
    ],
    "codename": "delete_profile"
  }
},
{
  "model": "auth.permission",
  "pk": 56,
  "fields": {
    "name": "Can view Profile",
    "content_type": [
      "webapp",
      "image"
    ],
    "codename": "view_profile"
  }
},
{
  "model": "auth.permission",
  "pk": 57,
  "fields": {
    "name": "Can add review",
    "content_type": [
      "webapp",
      "news"
    ],
    "codename": "add_review"
  }
},
{
  "model": "auth.permission",
  "pk": 58,
  "fields": {
    "name": "Can change review",
    "content_type": [
      "webapp",
      "news"
    ],
    "codename": "change_review"
  }
},
{
  "model": "auth.permission",
  "pk": 59,
  "fields": {
    "name": "Can delete review",
    "content_type": [
      "webapp",
      "news"
    ],
    "codename": "delete_review"
  }
},
{
  "model": "auth.permission",
  "pk": 60,
  "fields": {
    "name": "Can view review",
    "content_type": [
      "webapp",
      "news"
    ],
    "codename": "view_review"
  }
},
{
  "model": "auth.permission",
  "pk": 61,
  "fields": {
    "name": "Can add \u0418\u0437\u043e\u0431\u0440\u0430\u0436\u0435\u043d\u0438\u0435",
    "content_type": [
      "webapp",
      "brand"
    ],
    "codename": "add_image"
  }
},
{
  "model": "auth.permission",
  "pk": 62,
  "fields": {
    "name": "Can change \u0418\u0437\u043e\u0431\u0440\u0430\u0436\u0435\u043d\u0438\u0435",
    "content_type": [
      "webapp",
      "brand"
    ],
    "codename": "change_image"
  }
},
{
  "model": "auth.permission",
  "pk": 63,
  "fields": {
    "name": "Can delete \u0418\u0437\u043e\u0431\u0440\u0430\u0436\u0435\u043d\u0438\u0435",
    "content_type": [
      "webapp",
      "brand"
    ],
    "codename": "delete_image"
  }
},
{
  "model": "auth.permission",
  "pk": 64,
  "fields": {
    "name": "Can view \u0418\u0437\u043e\u0431\u0440\u0430\u0436\u0435\u043d\u0438\u0435",
    "content_type": [
      "webapp",
      "brand"
    ],
    "codename": "view_image"
  }
},
{
  "model": "auth.permission",
  "pk": 65,
  "fields": {
    "name": "Can add news",
    "content_type": [
      "accounts",
      "token"
    ],
    "codename": "add_news"
  }
},
{
  "model": "auth.permission",
  "pk": 66,
  "fields": {
    "name": "Can change news",
    "content_type": [
      "accounts",
      "token"
    ],
    "codename": "change_news"
  }
},
{
  "model": "auth.permission",
  "pk": 67,
  "fields": {
    "name": "Can delete news",
    "content_type": [
      "accounts",
      "token"
    ],
    "codename": "delete_news"
  }
},
{
  "model": "auth.permission",
  "pk": 68,
  "fields": {
    "name": "Can view news",
    "content_type": [
      "accounts",
      "token"
    ],
    "codename": "view_news"
  }
},
{
  "model": "auth.permission",
  "pk": 69,
  "fields": {
    "name": "Can add Profile",
    "content_type": [
      "accounts",
      "profile"
    ],
    "codename": "add_profile"
  }
},
{
  "model": "auth.permission",
  "pk": 70,
  "fields": {
    "name": "Can change Profile",
    "content_type": [
      "accounts",
      "profile"
    ],
    "codename": "change_profile"
  }
},
{
  "model": "auth.permission",
  "pk": 71,
  "fields": {
    "name": "Can delete Profile",
    "content_type": [
      "accounts",
      "profile"
    ],
    "codename": "delete_profile"
  }
},
{
  "model": "auth.permission",
  "pk": 72,
  "fields": {
    "name": "Can view Profile",
    "content_type": [
      "accounts",
      "profile"
    ],
    "codename": "view_profile"
  }
},
{
  "model": "auth.permission",
  "pk": 73,
  "fields": {
    "name": "Can add \u0410\u0434\u0440\u0435\u0441 \u0434\u043e\u0441\u0442\u0430\u0432\u043a\u0438",
    "content_type": [
      "webapp",
      "deliveryaddress"
    ],
    "codename": "add_deliveryaddress"
  }
},
{
  "model": "auth.permission",
  "pk": 74,
  "fields": {
    "name": "Can change \u0410\u0434\u0440\u0435\u0441 \u0434\u043e\u0441\u0442\u0430\u0432\u043a\u0438",
    "content_type": [
      "webapp",
      "deliveryaddress"
    ],
    "codename": "change_deliveryaddress"
  }
},
{
  "model": "auth.permission",
  "pk": 75,
  "fields": {
    "name": "Can delete \u0410\u0434\u0440\u0435\u0441 \u0434\u043e\u0441\u0442\u0430\u0432\u043a\u0438",
    "content_type": [
      "webapp",
      "deliveryaddress"
    ],
    "codename": "delete_deliveryaddress"
  }
},
{
  "model": "auth.permission",
  "pk": 76,
  "fields": {
    "name": "Can view \u0410\u0434\u0440\u0435\u0441 \u0434\u043e\u0441\u0442\u0430\u0432\u043a\u0438",
    "content_type": [
      "webapp",
      "deliveryaddress"
    ],
    "codename": "view_deliveryaddress"
  }
},
{
  "model": "auth.permission",
  "pk": 77,
  "fields": {
    "name": "Can add \u0417\u0430\u043a\u0430\u0437",
    "content_type": [
      "webapp",
      "order"
    ],
    "codename": "add_order"
  }
},
{
  "model": "auth.permission",
  "pk": 78,
  "fields": {
    "name": "Can change \u0417\u0430\u043a\u0430\u0437",
    "content_type": [
      "webapp",
      "order"
    ],
    "codename": "change_order"
  }
},
{
  "model": "auth.permission",
  "pk": 79,
  "fields": {
    "name": "Can delete \u0417\u0430\u043a\u0430\u0437",
    "content_type": [
      "webapp",
      "order"
    ],
    "codename": "delete_order"
  }
},
{
  "model": "auth.permission",
  "pk": 80,
  "fields": {
    "name": "Can view \u0417\u0430\u043a\u0430\u0437",
    "content_type": [
      "webapp",
      "order"
    ],
    "codename": "view_order"
  }
},
{
  "model": "auth.permission",
  "pk": 81,
  "fields": {
    "name": "Can add \u0422\u043e\u0432\u0430\u0440 \u0432 \u0437\u0430\u043a\u0430\u0437\u0435",
    "content_type": [
      "webapp",
      "orderproduct"
    ],
    "codename": "add_orderproduct"
  }
},
{
  "model": "auth.permission",
  "pk": 82,
  "fields": {
    "name": "Can change \u0422\u043e\u0432\u0430\u0440 \u0432 \u0437\u0430\u043a\u0430\u0437\u0435",
    "content_type": [
      "webapp",
      "orderproduct"
    ],
    "codename": "change_orderproduct"
  }
},
{
  "model": "auth.permission",
  "pk": 83,
  "fields": {
    "name": "Can delete \u0422\u043e\u0432\u0430\u0440 \u0432 \u0437\u0430\u043a\u0430\u0437\u0435",
    "content_type": [
      "webapp",
      "orderproduct"
    ],
    "codename": "delete_orderproduct"
  }
},
{
  "model": "auth.permission",
  "pk": 84,
  "fields": {
    "name": "Can view \u0422\u043e\u0432\u0430\u0440 \u0432 \u0437\u0430\u043a\u0430\u0437\u0435",
    "content_type": [
      "webapp",
      "orderproduct"
    ],
    "codename": "view_orderproduct"
  }
},
{
  "model": "auth.permission",
  "pk": 85,
  "fields": {
    "name": "Can add \u041e\u0442\u0437\u044b\u0432",
    "content_type": [
      "webapp",
      "review"
    ],
    "codename": "add_review"
  }
},
{
  "model": "auth.permission",
  "pk": 86,
  "fields": {
    "name": "Can change \u041e\u0442\u0437\u044b\u0432",
    "content_type": [
      "webapp",
      "review"
    ],
    "codename": "change_review"
  }
},
{
  "model": "auth.permission",
  "pk": 87,
  "fields": {
    "name": "Can delete \u041e\u0442\u0437\u044b\u0432",
    "content_type": [
      "webapp",
      "review"
    ],
    "codename": "delete_review"
  }
},
{
  "model": "auth.permission",
  "pk": 88,
  "fields": {
    "name": "Can view \u041e\u0442\u0437\u044b\u0432",
    "content_type": [
      "webapp",
      "review"
    ],
    "codename": "view_review"
  }
},
{
  "model": "auth.permission",
  "pk": 89,
  "fields": {
    "name": "Can add \u0418\u0437\u043e\u0431\u0440\u0430\u0436\u0435\u043d\u0438\u0435",
    "content_type": [
      "webapp",
      "image"
    ],
    "codename": "add_image"
  }
},
{
  "model": "auth.permission",
  "pk": 90,
  "fields": {
    "name": "Can change \u0418\u0437\u043e\u0431\u0440\u0430\u0436\u0435\u043d\u0438\u0435",
    "content_type": [
      "webapp",
      "image"
    ],
    "codename": "change_image"
  }
},
{
  "model": "auth.permission",
  "pk": 91,
  "fields": {
    "name": "Can delete \u0418\u0437\u043e\u0431\u0440\u0430\u0436\u0435\u043d\u0438\u0435",
    "content_type": [
      "webapp",
      "image"
    ],
    "codename": "delete_image"
  }
},
{
  "model": "auth.permission",
  "pk": 92,
  "fields": {
    "name": "Can view \u0418\u0437\u043e\u0431\u0440\u0430\u0436\u0435\u043d\u0438\u0435",
    "content_type": [
      "webapp",
      "image"
    ],
    "codename": "view_image"
  }
},
{
  "model": "auth.permission",
  "pk": 93,
  "fields": {
    "name": "Can add \u041d\u043e\u0432\u043e\u0441\u0442\u044c",
    "content_type": [
      "webapp",
      "news"
    ],
    "codename": "add_news"
  }
},
{
  "model": "auth.permission",
  "pk": 94,
  "fields": {
    "name": "Can change \u041d\u043e\u0432\u043e\u0441\u0442\u044c",
    "content_type": [
      "webapp",
      "news"
    ],
    "codename": "change_news"
  }
},
{
  "model": "auth.permission",
  "pk": 95,
  "fields": {
    "name": "Can delete \u041d\u043e\u0432\u043e\u0441\u0442\u044c",
    "content_type": [
      "webapp",
      "news"
    ],
    "codename": "delete_news"
  }
},
{
  "model": "auth.permission",
  "pk": 96,
  "fields": {
    "name": "Can view \u041d\u043e\u0432\u043e\u0441\u0442\u044c",
    "content_type": [
      "webapp",
      "news"
    ],
    "codename": "view_news"
  }
},
{
  "model": "auth.permission",
  "pk": 97,
  "fields": {
    "name": "Can add \u0411\u0440\u0435\u043d\u0434",
    "content_type": [
      "webapp",
      "brand"
    ],
    "codename": "add_brand"
  }
},
{
  "model": "auth.permission",
  "pk": 98,
  "fields": {
    "name": "Can change \u0411\u0440\u0435\u043d\u0434",
    "content_type": [
      "webapp",
      "brand"
    ],
    "codename": "change_brand"
  }
},
{
  "model": "auth.permission",
  "pk": 99,
  "fields": {
    "name": "Can delete \u0411\u0440\u0435\u043d\u0434",
    "content_type": [
      "webapp",
      "brand"
    ],
    "codename": "delete_brand"
  }
},
{
  "model": "auth.permission",
  "pk": 100,
  "fields": {
    "name": "Can view \u0411\u0440\u0435\u043d\u0434",
    "content_type": [
      "webapp",
      "brand"
    ],
    "codename": "view_brand"
  }
},
{
  "model": "auth.permission",
  "pk": 101,
  "fields": {
    "name": "Can add token",
    "content_type": [
      "accounts",
      "token"
    ],
    "codename": "add_token"
  }
},
{
  "model": "auth.permission",
  "pk": 102,
  "fields": {
    "name": "Can change token",
    "content_type": [
      "accounts",
      "token"
    ],
    "codename": "change_token"
  }
},
{
  "model": "auth.permission",
  "pk": 103,
  "fields": {
    "name": "Can delete token",
    "content_type": [
      "accounts",
      "token"
    ],
    "codename": "delete_token"
  }
},
{
  "model": "auth.permission",
  "pk": 104,
  "fields": {
    "name": "Can view token",
    "content_type": [
      "accounts",
      "token"
    ],
    "codename": "view_token"
  }
},
{
  "model": "auth.permission",
  "pk": 105,
  "fields": {
    "name": "Can add carousel",
    "content_type": [
      "webapp",
      "carousel"
    ],
    "codename": "add_carousel"
  }
},
{
  "model": "auth.permission",
  "pk": 106,
  "fields": {
    "name": "Can change carousel",
    "content_type": [
      "webapp",
      "carousel"
    ],
    "codename": "change_carousel"
  }
},
{
  "model": "auth.permission",
  "pk": 107,
  "fields": {
    "name": "Can delete carousel",
    "content_type": [
      "webapp",
      "carousel"
    ],
    "codename": "delete_carousel"
  }
},
{
  "model": "auth.permission",
  "pk": 108,
  "fields": {
    "name": "Can view carousel",
    "content_type": [
      "webapp",
      "carousel"
    ],
    "codename": "view_carousel"
  }
},
{
  "model": "auth.permission",
  "pk": 109,
  "fields": {
    "name": "Can add delivery cost",
    "content_type": [
      "webapp",
      "deliverycost"
    ],
    "codename": "add_deliverycost"
  }
},
{
  "model": "auth.permission",
  "pk": 110,
  "fields": {
    "name": "Can change delivery cost",
    "content_type": [
      "webapp",
      "deliverycost"
    ],
    "codename": "change_deliverycost"
  }
},
{
  "model": "auth.permission",
  "pk": 111,
  "fields": {
    "name": "Can delete delivery cost",
    "content_type": [
      "webapp",
      "deliverycost"
    ],
    "codename": "delete_deliverycost"
  }
},
{
  "model": "auth.permission",
  "pk": 112,
  "fields": {
    "name": "Can view delivery cost",
    "content_type": [
      "webapp",
      "deliverycost"
    ],
    "codename": "view_deliverycost"
  }
},
{
  "model": "auth.user",
  "pk": 1,
  "fields": {
    "password": "pbkdf2_sha256$150000$uSFUOF4e7Zf3$vrIYIWOGUY5ss0MB5sKCnpScwXPnoVKyNpf7OR7awyo=",
    "last_login": "2020-06-01T06:32:25.489Z",
    "is_superuser": true,
    "username": "admin",
    "first_name": "",
    "last_name": "",
    "email": "",
    "is_staff": true,
    "is_active": true,
    "date_joined": "2020-04-26T13:55:42.503Z",
    "groups": [],
    "user_permissions": []
  }
},
{
  "model": "webapp.review",
  "pk": 1,
  "fields": {
    "product": 1,
    "grade": 3,
    "text": "test",
    "author": [
      "admin"
    ],
    "date": "2020-05-21"
  }
},
{
  "model": "webapp.review",
  "pk": 2,
  "fields": {
    "product": 2,
    "grade": 5,
    "text": "test",
    "author": [
      "admin"
    ],
    "date": "2020-05-22"
  }
},
{
  "model": "webapp.review",
  "pk": 3,
  "fields": {
    "product": 3,
    "grade": 3,
    "text": "test",
    "author": [
      "admin"
    ],
    "date": "2020-05-22"
  }
},
{
  "model": "webapp.review",
  "pk": 4,
  "fields": {
    "product": 4,
    "grade": 3,
    "text": "test",
    "author": [
      "admin"
    ],
    "date": "2020-05-22"
  }
},
{
  "model": "webapp.review",
  "pk": 5,
  "fields": {
    "product": 5,
    "grade": 2,
    "text": "test",
    "author": [
      "admin"
    ],
    "date": "2020-05-22"
  }
},
{
  "model": "webapp.review",
  "pk": 6,
  "fields": {
    "product": 6,
    "grade": 5,
    "text": "test",
    "author": [
      "admin"
    ],
    "date": "2020-05-22"
  }
},
{
  "model": "webapp.review",
  "pk": 7,
  "fields": {
    "product": 8,
    "grade": 1,
    "text": "test",
    "author": [
      "admin"
    ],
    "date": "2020-05-22"
  }
},
{
  "model": "admin.logentry",
  "pk": 1,
  "fields": {
    "action_time": "2020-05-02T13:36:55.012Z",
    "user": [
      "admin"
    ],
    "content_type": [
      "webapp",
      "category"
    ],
    "object_id": "1",
    "object_repr": "\u0411\u0443\u043c\u0430\u0433\u0430",
    "action_flag": 1,
    "change_message": "[{\"added\": {}}]"
  }
},
{
  "model": "admin.logentry",
  "pk": 2,
  "fields": {
    "action_time": "2020-05-02T13:37:00.218Z",
    "user": [
      "admin"
    ],
    "content_type": [
      "webapp",
      "category"
    ],
    "object_id": "2",
    "object_repr": "\u041a\u0440\u0430\u0441\u043a\u0438",
    "action_flag": 1,
    "change_message": "[{\"added\": {}}]"
  }
},
{
  "model": "admin.logentry",
  "pk": 3,
  "fields": {
    "action_time": "2020-05-02T13:37:07.097Z",
    "user": [
      "admin"
    ],
    "content_type": [
      "webapp",
      "category"
    ],
    "object_id": "3",
    "object_repr": "\u041f\u043b\u0430\u0441\u0442\u0438\u043b\u0438\u043d\u044b",
    "action_flag": 1,
    "change_message": "[{\"added\": {}}]"
  }
},
{
  "model": "admin.logentry",
  "pk": 4,
  "fields": {
    "action_time": "2020-05-02T13:37:15.048Z",
    "user": [
      "admin"
    ],
    "content_type": [
      "webapp",
      "category"
    ],
    "object_id": "4",
    "object_repr": "\u0422\u0435\u0442\u0440\u0430\u0434\u0438",
    "action_flag": 1,
    "change_message": "[{\"added\": {}}]"
  }
},
{
  "model": "admin.logentry",
  "pk": 5,
  "fields": {
    "action_time": "2020-05-02T13:37:18.657Z",
    "user": [
      "admin"
    ],
    "content_type": [
      "webapp",
      "category"
    ],
    "object_id": "5",
    "object_repr": "\u041a\u0440\u0430\u0441\u043a\u0438",
    "action_flag": 1,
    "change_message": "[{\"added\": {}}]"
  }
},
{
  "model": "admin.logentry",
  "pk": 6,
  "fields": {
    "action_time": "2020-05-02T13:41:59.313Z",
    "user": [
      "admin"
    ],
    "content_type": [
      "webapp",
      "category"
    ],
    "object_id": "2",
    "object_repr": "\u041a\u0430\u0440\u0430\u043d\u0434\u0430\u0448\u0438",
    "action_flag": 2,
    "change_message": "[{\"changed\": {\"fields\": [\"category_name\"]}}]"
  }
},
{
  "model": "admin.logentry",
  "pk": 7,
  "fields": {
    "action_time": "2020-05-02T13:43:04.614Z",
    "user": [
      "admin"
    ],
    "content_type": [
      "webapp",
      "product"
    ],
    "object_id": "1",
    "object_repr": "\u041a\u0430\u0440\u0430\u043d\u0434\u0430\u0448",
    "action_flag": 1,
    "change_message": "[{\"added\": {}}]"
  }
},
{
  "model": "admin.logentry",
  "pk": 8,
  "fields": {
    "action_time": "2020-05-02T13:43:25.038Z",
    "user": [
      "admin"
    ],
    "content_type": [
      "webapp",
      "product"
    ],
    "object_id": "2",
    "object_repr": "\u041a\u0430\u0440\u0430\u043d\u0434\u0430\u0448",
    "action_flag": 1,
    "change_message": "[{\"added\": {}}]"
  }
},
{
  "model": "admin.logentry",
  "pk": 9,
  "fields": {
    "action_time": "2020-05-02T13:43:53.105Z",
    "user": [
      "admin"
    ],
    "content_type": [
      "webapp",
      "product"
    ],
    "object_id": "3",
    "object_repr": "\u0411\u0443\u043c\u0430\u0433\u0430 \u0421\u043d\u0435\u0433\u0443\u0440\u043e\u0447\u043a\u0430",
    "action_flag": 1,
    "change_message": "[{\"added\": {}}]"
  }
},
{
  "model": "admin.logentry",
  "pk": 10,
  "fields": {
    "action_time": "2020-05-02T13:44:10.715Z",
    "user": [
      "admin"
    ],
    "content_type": [
      "webapp",
      "product"
    ],
    "object_id": "4",
    "object_repr": "\u0411\u0443\u043c\u0430\u0433\u0430",
    "action_flag": 1,
    "change_message": "[{\"added\": {}}]"
  }
},
{
  "model": "admin.logentry",
  "pk": 11,
  "fields": {
    "action_time": "2020-05-02T13:44:49.009Z",
    "user": [
      "admin"
    ],
    "content_type": [
      "webapp",
      "product"
    ],
    "object_id": "5",
    "object_repr": "\u041a\u0440\u0430\u0441\u043a\u0438",
    "action_flag": 1,
    "change_message": "[{\"added\": {}}]"
  }
},
{
  "model": "admin.logentry",
  "pk": 12,
  "fields": {
    "action_time": "2020-05-02T13:45:01.232Z",
    "user": [
      "admin"
    ],
    "content_type": [
      "webapp",
      "product"
    ],
    "object_id": "2",
    "object_repr": "\u041a\u0430\u0440\u0430\u043d\u0434\u0430\u0448",
    "action_flag": 2,
    "change_message": "[{\"changed\": {\"fields\": [\"photo\"]}}]"
  }
},
{
  "model": "admin.logentry",
  "pk": 13,
  "fields": {
    "action_time": "2020-05-02T13:45:14.495Z",
    "user": [
      "admin"
    ],
    "content_type": [
      "webapp",
      "product"
    ],
    "object_id": "1",
    "object_repr": "\u041a\u0430\u0440\u0430\u043d\u0434\u0430\u0448",
    "action_flag": 2,
    "change_message": "[{\"changed\": {\"fields\": [\"photo\"]}}]"
  }
},
{
  "model": "admin.logentry",
  "pk": 14,
  "fields": {
    "action_time": "2020-05-02T13:45:32.294Z",
    "user": [
      "admin"
    ],
    "content_type": [
      "webapp",
      "product"
    ],
    "object_id": "6",
    "object_repr": "\u041f\u043b\u0430\u0441\u0442\u0438\u043b\u0438\u043d",
    "action_flag": 1,
    "change_message": "[{\"added\": {}}]"
  }
},
{
  "model": "admin.logentry",
  "pk": 15,
  "fields": {
    "action_time": "2020-05-02T13:45:51.923Z",
    "user": [
      "admin"
    ],
    "content_type": [
      "webapp",
      "product"
    ],
    "object_id": "7",
    "object_repr": "\u041f\u043b\u0430\u0441\u0442\u0438\u043b\u0438\u043d",
    "action_flag": 1,
    "change_message": "[{\"added\": {}}]"
  }
},
{
  "model": "admin.logentry",
  "pk": 16,
  "fields": {
    "action_time": "2020-05-02T13:46:13.509Z",
    "user": [
      "admin"
    ],
    "content_type": [
      "webapp",
      "product"
    ],
    "object_id": "8",
    "object_repr": "\u0422\u0435\u0442\u0440\u0430\u0434\u0438",
    "action_flag": 1,
    "change_message": "[{\"added\": {}}]"
  }
},
{
  "model": "admin.logentry",
  "pk": 17,
  "fields": {
    "action_time": "2020-05-02T13:46:30.400Z",
    "user": [
      "admin"
    ],
    "content_type": [
      "webapp",
      "product"
    ],
    "object_id": "9",
    "object_repr": "\u0422\u0435\u0442\u0440\u0430\u0434\u0438",
    "action_flag": 1,
    "change_message": "[{\"added\": {}}]"
  }
},
{
  "model": "admin.logentry",
  "pk": 18,
  "fields": {
    "action_time": "2020-05-21T10:22:33.501Z",
    "user": [
      "admin"
    ],
    "content_type": [
      "webapp",
      "news"
    ],
    "object_id": "1",
    "object_repr": "test",
    "action_flag": 1,
    "change_message": "[{\"added\": {}}]"
  }
},
{
  "model": "admin.logentry",
  "pk": 19,
  "fields": {
    "action_time": "2020-05-22T09:38:59.993Z",
    "user": [
      "admin"
    ],
    "content_type": [
      "webapp",
      "news"
    ],
    "object_id": "2",
    "object_repr": "test",
    "action_flag": 1,
    "change_message": "[{\"added\": {}}]"
  }
},
{
  "model": "admin.logentry",
  "pk": 20,
  "fields": {
    "action_time": "2020-05-22T09:39:11.789Z",
    "user": [
      "admin"
    ],
    "content_type": [
      "webapp",
      "news"
    ],
    "object_id": "3",
    "object_repr": "test",
    "action_flag": 1,
    "change_message": "[{\"added\": {}}]"
  }
},
{
  "model": "admin.logentry",
  "pk": 21,
  "fields": {
    "action_time": "2020-05-22T09:39:22.272Z",
    "user": [
      "admin"
    ],
    "content_type": [
      "webapp",
      "news"
    ],
    "object_id": "4",
    "object_repr": "test",
    "action_flag": 1,
    "change_message": "[{\"added\": {}}]"
  }
},
{
  "model": "admin.logentry",
  "pk": 22,
  "fields": {
    "action_time": "2020-05-22T09:39:36.406Z",
    "user": [
      "admin"
    ],
    "content_type": [
      "webapp",
      "news"
    ],
    "object_id": "5",
    "object_repr": "test",
    "action_flag": 1,
    "change_message": "[{\"added\": {}}]"
  }
},
{
  "model": "admin.logentry",
  "pk": 23,
  "fields": {
    "action_time": "2020-05-22T09:39:48.417Z",
    "user": [
      "admin"
    ],
    "content_type": [
      "webapp",
      "news"
    ],
    "object_id": "6",
    "object_repr": "test",
    "action_flag": 1,
    "change_message": "[{\"added\": {}}]"
  }
},
{
  "model": "admin.logentry",
  "pk": 24,
  "fields": {
    "action_time": "2020-05-22T09:39:57.378Z",
    "user": [
      "admin"
    ],
    "content_type": [
      "webapp",
      "news"
    ],
    "object_id": "7",
    "object_repr": "test",
    "action_flag": 1,
    "change_message": "[{\"added\": {}}]"
  }
},
{
  "model": "admin.logentry",
  "pk": 25,
  "fields": {
    "action_time": "2020-05-22T10:02:59.331Z",
    "user": [
      "admin"
    ],
    "content_type": [
      "webapp",
      "category"
    ],
    "object_id": "1",
    "object_repr": "\u0411\u0443\u043c\u0430\u0436\u043d\u0430\u044f \u043f\u0440\u043e\u0434\u0443\u043a\u0446\u0438\u044f",
    "action_flag": 2,
    "change_message": "[{\"changed\": {\"fields\": [\"photo\"]}}]"
  }
},
{
  "model": "admin.logentry",
  "pk": 26,
  "fields": {
    "action_time": "2020-05-22T10:14:52Z",
    "user": [
      "admin"
    ],
    "content_type": [
      "webapp",
      "category"
    ],
    "object_id": "2",
    "object_repr": "\u0422\u043e\u0432\u0430\u0440\u044b \u0434\u043b\u044f \u0442\u0432\u043e\u0440\u0447\u0435\u0441\u0442\u0432\u0430",
    "action_flag": 2,
    "change_message": "[{\"changed\": {\"fields\": [\"photo\"]}}]"
  }
},
{
  "model": "admin.logentry",
  "pk": 27,
  "fields": {
    "action_time": "2020-05-22T10:14:59.747Z",
    "user": [
      "admin"
    ],
    "content_type": [
      "webapp",
      "category"
    ],
    "object_id": "2",
    "object_repr": "\u0422\u043e\u0432\u0430\u0440\u044b \u0434\u043b\u044f \u0442\u0432\u043e\u0440\u0447\u0435\u0441\u0442\u0432\u0430",
    "action_flag": 2,
    "change_message": "[{\"changed\": {\"fields\": [\"photo\"]}}]"
  }
},
{
  "model": "admin.logentry",
  "pk": 28,
  "fields": {
    "action_time": "2020-05-22T10:15:12.393Z",
    "user": [
      "admin"
    ],
    "content_type": [
      "webapp",
      "category"
    ],
    "object_id": "3",
    "object_repr": "\u041a\u0430\u043d\u0446\u0442\u043e\u0432\u0430\u0440\u044b",
    "action_flag": 2,
    "change_message": "[{\"changed\": {\"fields\": [\"photo\"]}}]"
  }
},
{
  "model": "admin.logentry",
  "pk": 29,
  "fields": {
    "action_time": "2020-05-22T10:15:47.420Z",
    "user": [
      "admin"
    ],
    "content_type": [
      "webapp",
      "category"
    ],
    "object_id": "4",
    "object_repr": "\u0425\u043e\u0437\u044f\u0439\u0441\u0442\u0432\u0435\u043d\u043d\u044b\u0435 \u0442\u043e\u0432\u0430\u0440\u044b",
    "action_flag": 2,
    "change_message": "[{\"changed\": {\"fields\": [\"photo\"]}}]"
  }
},
{
  "model": "admin.logentry",
  "pk": 30,
  "fields": {
    "action_time": "2020-05-22T10:16:19.614Z",
    "user": [
      "admin"
    ],
    "content_type": [
      "webapp",
      "category"
    ],
    "object_id": "5",
    "object_repr": "\u041a\u043e\u043c\u043f\u044c\u044e\u0442\u0435\u0440\u044b \u0438 \u043f\u0435\u0440\u0438\u0444\u0435\u0440\u0438\u044f",
    "action_flag": 2,
    "change_message": "[{\"changed\": {\"fields\": [\"photo\"]}}]"
  }
},
{
  "model": "admin.logentry",
  "pk": 31,
  "fields": {
    "action_time": "2020-05-22T10:16:27.369Z",
    "user": [
      "admin"
    ],
    "content_type": [
      "webapp",
      "category"
    ],
    "object_id": "7",
    "object_repr": "\u041a\u0430\u0440\u0442\u0440\u0438\u0434\u0436\u0438",
    "action_flag": 2,
    "change_message": "[{\"changed\": {\"fields\": [\"photo\"]}}]"
  }
},
{
  "model": "admin.logentry",
  "pk": 32,
  "fields": {
    "action_time": "2020-05-22T10:16:34.032Z",
    "user": [
      "admin"
    ],
    "content_type": [
      "webapp",
      "category"
    ],
    "object_id": "8",
    "object_repr": "\u0422\u043e\u0432\u0430\u0440\u044b \u0434\u043b\u044f \u0448\u043a\u043e\u043b\u044b",
    "action_flag": 2,
    "change_message": "[{\"changed\": {\"fields\": [\"photo\"]}}]"
  }
},
{
  "model": "admin.logentry",
  "pk": 33,
  "fields": {
    "action_time": "2020-05-22T10:16:43.556Z",
    "user": [
      "admin"
    ],
    "content_type": [
      "webapp",
      "category"
    ],
    "object_id": "9",
    "object_repr": "\u041e\u0444\u0438\u0441\u043d\u0430\u044f \u0442\u0435\u0445\u043d\u0438\u043a\u0430",
    "action_flag": 2,
    "change_message": "[{\"changed\": {\"fields\": [\"photo\"]}}]"
  }
},
{
  "model": "admin.logentry",
  "pk": 34,
  "fields": {
    "action_time": "2020-05-22T10:17:08.308Z",
    "user": [
      "admin"
    ],
    "content_type": [
      "webapp",
      "category"
    ],
    "object_id": "10",
    "object_repr": "\u041f\u043e\u0441\u0443\u0434\u0430 \u0438 \u0442\u0435\u043a\u0441\u0442\u0438\u043b\u044c",
    "action_flag": 2,
    "change_message": "[{\"changed\": {\"fields\": [\"photo\"]}}]"
  }
},
{
  "model": "admin.logentry",
  "pk": 35,
  "fields": {
    "action_time": "2020-05-22T10:17:15.757Z",
    "user": [
      "admin"
    ],
    "content_type": [
      "webapp",
      "category"
    ],
    "object_id": "11",
    "object_repr": "\u0422\u043e\u0432\u0430\u0440\u044b \u0434\u043b\u044f \u0442\u043e\u0440\u0433\u043e\u0432\u043b\u0438",
    "action_flag": 2,
    "change_message": "[{\"changed\": {\"fields\": [\"photo\"]}}]"
  }
},
{
  "model": "admin.logentry",
  "pk": 36,
  "fields": {
    "action_time": "2020-05-22T11:18:23.170Z",
    "user": [
      "admin"
    ],
    "content_type": [
      "webapp",
      "category"
    ],
    "object_id": "13",
    "object_repr": "Test",
    "action_flag": 3,
    "change_message": ""
  }
},
{
  "model": "admin.logentry",
  "pk": 37,
  "fields": {
    "action_time": "2020-05-22T11:18:32.086Z",
    "user": [
      "admin"
    ],
    "content_type": [
      "webapp",
      "category"
    ],
    "object_id": "1",
    "object_repr": "\u0411\u0443\u043c\u0430\u0436\u043d\u0430\u044f \u043f\u0440\u043e\u0434\u0443\u043a\u0446\u0438\u044f",
    "action_flag": 2,
    "change_message": "[{\"changed\": {\"fields\": [\"photo\"]}}]"
  }
},
{
  "model": "admin.logentry",
  "pk": 52,
  "fields": {
    "action_time": "2020-05-31T16:16:46.345Z",
    "user": [
      "admin"
    ],
    "content_type": [
      "webapp",
      "image"
    ],
    "object_id": "5",
    "object_repr": "Image object (5)",
    "action_flag": 1,
    "change_message": "[{\"added\": {}}]"
  }
},
{
  "model": "admin.logentry",
  "pk": 53,
  "fields": {
    "action_time": "2020-05-31T16:16:57.154Z",
    "user": [
      "admin"
    ],
    "content_type": [
      "webapp",
      "image"
    ],
    "object_id": "6",
    "object_repr": "Image object (6)",
    "action_flag": 1,
    "change_message": "[{\"added\": {}}]"
  }
},
{
  "model": "admin.logentry",
  "pk": 54,
  "fields": {
    "action_time": "2020-05-31T16:17:06.173Z",
    "user": [
      "admin"
    ],
    "content_type": [
      "webapp",
      "image"
    ],
    "object_id": "7",
    "object_repr": "Image object (7)",
    "action_flag": 1,
    "change_message": "[{\"added\": {}}]"
  }
},
{
  "model": "admin.logentry",
  "pk": 55,
  "fields": {
    "action_time": "2020-05-31T16:17:14.384Z",
    "user": [
      "admin"
    ],
    "content_type": [
      "webapp",
      "image"
    ],
    "object_id": "8",
    "object_repr": "Image object (8)",
    "action_flag": 1,
    "change_message": "[{\"added\": {}}]"
  }
},
{
  "model": "admin.logentry",
  "pk": 56,
  "fields": {
    "action_time": "2020-05-31T16:17:44.742Z",
    "user": [
      "admin"
    ],
    "content_type": [
      "webapp",
      "image"
    ],
    "object_id": "9",
    "object_repr": "Image object (9)",
    "action_flag": 1,
    "change_message": "[{\"added\": {}}]"
  }
},
{
  "model": "admin.logentry",
  "pk": 57,
  "fields": {
    "action_time": "2020-05-31T16:17:57.305Z",
    "user": [
      "admin"
    ],
    "content_type": [
      "webapp",
      "image"
    ],
    "object_id": "10",
    "object_repr": "Image object (10)",
    "action_flag": 1,
    "change_message": "[{\"added\": {}}]"
  }
},
{
  "model": "admin.logentry",
  "pk": 58,
  "fields": {
    "action_time": "2020-05-31T16:18:37.210Z",
    "user": [
      "admin"
    ],
    "content_type": [
      "webapp",
      "image"
    ],
    "object_id": "11",
    "object_repr": "Image object (11)",
    "action_flag": 1,
    "change_message": "[{\"added\": {}}]"
  }
},
{
  "model": "admin.logentry",
  "pk": 59,
  "fields": {
    "action_time": "2020-05-31T16:19:11.467Z",
    "user": [
      "admin"
    ],
    "content_type": [
      "webapp",
      "image"
    ],
    "object_id": "12",
    "object_repr": "Image object (12)",
    "action_flag": 1,
    "change_message": "[{\"added\": {}}]"
  }
},
{
  "model": "admin.logentry",
  "pk": 60,
  "fields": {
    "action_time": "2020-05-31T16:19:20.391Z",
    "user": [
      "admin"
    ],
    "content_type": [
      "webapp",
      "image"
    ],
    "object_id": "13",
    "object_repr": "Image object (13)",
    "action_flag": 1,
    "change_message": "[{\"added\": {}}]"
  }
},
{
  "model": "admin.logentry",
  "pk": 61,
  "fields": {
    "action_time": "2020-05-31T16:19:31.997Z",
    "user": [
      "admin"
    ],
    "content_type": [
      "webapp",
      "image"
    ],
    "object_id": "14",
    "object_repr": "Image object (14)",
    "action_flag": 1,
    "change_message": "[{\"added\": {}}]"
  }
},
{
  "model": "admin.logentry",
  "pk": 62,
  "fields": {
    "action_time": "2020-05-31T16:19:42.718Z",
    "user": [
      "admin"
    ],
    "content_type": [
      "webapp",
      "image"
    ],
    "object_id": "15",
    "object_repr": "Image object (15)",
    "action_flag": 1,
    "change_message": "[{\"added\": {}}]"
  }
},
{
  "model": "admin.logentry",
  "pk": 63,
  "fields": {
    "action_time": "2020-05-31T16:19:52.523Z",
    "user": [
      "admin"
    ],
    "content_type": [
      "webapp",
      "image"
    ],
    "object_id": "16",
    "object_repr": "Image object (16)",
    "action_flag": 1,
    "change_message": "[{\"added\": {}}]"
  }
},
{
  "model": "admin.logentry",
  "pk": 64,
  "fields": {
    "action_time": "2020-05-31T16:20:07.280Z",
    "user": [
      "admin"
    ],
    "content_type": [
      "webapp",
      "image"
    ],
    "object_id": "17",
    "object_repr": "Image object (17)",
    "action_flag": 1,
    "change_message": "[{\"added\": {}}]"
  }
},
{
  "model": "admin.logentry",
  "pk": 65,
  "fields": {
    "action_time": "2020-05-31T16:20:16.819Z",
    "user": [
      "admin"
    ],
    "content_type": [
      "webapp",
      "image"
    ],
    "object_id": "18",
    "object_repr": "Image object (18)",
    "action_flag": 1,
    "change_message": "[{\"added\": {}}]"
  }
},
{
  "model": "admin.logentry",
  "pk": 66,
  "fields": {
    "action_time": "2020-05-31T16:20:24.851Z",
    "user": [
      "admin"
    ],
    "content_type": [
      "webapp",
      "image"
    ],
    "object_id": "19",
    "object_repr": "Image object (19)",
    "action_flag": 1,
    "change_message": "[{\"added\": {}}]"
  }
},
{
  "model": "admin.logentry",
  "pk": 67,
  "fields": {
    "action_time": "2020-05-31T16:20:32.011Z",
    "user": [
      "admin"
    ],
    "content_type": [
      "webapp",
      "image"
    ],
    "object_id": "20",
    "object_repr": "Image object (20)",
    "action_flag": 1,
    "change_message": "[{\"added\": {}}]"
  }
},
{
  "model": "admin.logentry",
  "pk": 68,
  "fields": {
    "action_time": "2020-05-31T16:20:40.189Z",
    "user": [
      "admin"
    ],
    "content_type": [
      "webapp",
      "image"
    ],
    "object_id": "21",
    "object_repr": "Image object (21)",
    "action_flag": 1,
    "change_message": "[{\"added\": {}}]"
  }
},
{
  "model": "admin.logentry",
  "pk": 69,
  "fields": {
    "action_time": "2020-06-02T04:45:26.288Z",
    "user": [
      "admin"
    ],
    "content_type": [
      "webapp",
      "deliverycost"
    ],
    "object_id": "1",
    "object_repr": "DeliveryCost object (1)",
    "action_flag": 1,
    "change_message": "[{\"added\": {}}]"
  }
},
{
  "model": "admin.logentry",
  "pk": 70,
  "fields": {
    "action_time": "2020-06-02T05:20:05.410Z",
    "user": [
      "admin"
    ],
    "content_type": [
      "webapp",
      "deliveryaddress"
    ],
    "object_id": "1",
    "object_repr": "Bishkek/\u041f\u0430\u043d\u0444\u0438\u043b\u043e\u0432\u0430/170",
    "action_flag": 1,
    "change_message": "[{\"added\": {}}]"
  }
},
{
  "model": "admin.logentry",
  "pk": 71,
  "fields": {
    "action_time": "2020-06-02T05:21:03.021Z",
    "user": [
      "admin"
    ],
    "content_type": [
      "webapp",
      "order"
    ],
    "object_id": "1",
    "object_repr": "ivan.s@gmail.com / 0700325667",
    "action_flag": 1,
    "change_message": "[{\"added\": {}}, {\"added\": {\"name\": \"\\u0422\\u043e\\u0432\\u0430\\u0440 \\u0432 \\u0437\\u0430\\u043a\\u0430\\u0437\\u0435\", \"object\": \"\\u041a\\u0430\\u0440\\u0430\\u043d\\u0434\\u0430\\u0448 ivan.s@gmail.com / 0700325667\"}}, {\"added\": {\"name\": \"\\u0422\\u043e\\u0432\\u0430\\u0440 \\u0432 \\u0437\\u0430\\u043a\\u0430\\u0437\\u0435\", \"object\": \"\\u0411\\u0443\\u043c\\u0430\\u0433\\u0430 \\u0421\\u043d\\u0435\\u0433\\u0443\\u0440\\u043e\\u0447\\u043a\\u0430 ivan.s@gmail.com / 0700325667\"}}, {\"added\": {\"name\": \"\\u0422\\u043e\\u0432\\u0430\\u0440 \\u0432 \\u0437\\u0430\\u043a\\u0430\\u0437\\u0435\", \"object\": \"\\u041f\\u043b\\u0430\\u0441\\u0442\\u0438\\u043b\\u0438\\u043d ivan.s@gmail.com / 0700325667\"}}]"
  }
},
{
  "model": "admin.logentry",
  "pk": 72,
  "fields": {
    "action_time": "2020-06-02T05:31:42.380Z",
    "user": [
      "admin"
    ],
    "content_type": [
      "webapp",
      "order"
    ],
    "object_id": "1",
    "object_repr": "ivan.s@gmail.com / 0700325667",
    "action_flag": 2,
    "change_message": "[{\"changed\": {\"fields\": [\"shipping_cost\"]}}]"
  }
},
{
  "model": "admin.logentry",
  "pk": 73,
  "fields": {
    "action_time": "2020-06-02T06:17:58.064Z",
    "user": [
      "admin"
    ],
    "content_type": [
      "webapp",
      "order"
    ],
    "object_id": "1",
    "object_repr": "ivan.s@gmail.com / 0700325667",
    "action_flag": 3,
    "change_message": ""
  }
},
{
  "model": "admin.logentry",
  "pk": 74,
  "fields": {
    "action_time": "2020-06-02T06:18:05.865Z",
    "user": [
      "admin"
    ],
    "content_type": [
      "webapp",
      "deliverycost"
    ],
    "object_id": "1",
    "object_repr": "150 / \u0431\u0435\u0441\u043f\u043b\u0430\u0442\u043d\u043e \u043e\u0442 2000",
    "action_flag": 3,
    "change_message": ""
  }
},
{
  "model": "admin.logentry",
  "pk": 75,
  "fields": {
    "action_time": "2020-06-02T06:27:42.245Z",
    "user": [
      "admin"
    ],
    "content_type": [
      "webapp",
      "deliverycost"
    ],
    "object_id": "1",
    "object_repr": "48 / \u0431\u0435\u0441\u043f\u043b\u0430\u0442\u043d\u043e \u043e\u0442 200",
    "action_flag": 1,
    "change_message": "[{\"added\": {}}]"
  }
},
{
  "model": "admin.logentry",
  "pk": 76,
  "fields": {
    "action_time": "2020-06-02T06:34:22.912Z",
    "user": [
      "admin"
    ],
    "content_type": [
      "webapp",
      "deliverycost"
    ],
    "object_id": "1",
    "object_repr": "48 / \u0431\u0435\u0441\u043f\u043b\u0430\u0442\u043d\u043e \u043e\u0442 200 / 2020-06-02",
    "action_flag": 3,
    "change_message": ""
  }
},
{
  "model": "admin.logentry",
  "pk": 77,
  "fields": {
    "action_time": "2020-06-02T06:34:30.798Z",
    "user": [
      "admin"
    ],
    "content_type": [
      "webapp",
      "deliverycost"
    ],
    "object_id": "2",
    "object_repr": "150 / \u0431\u0435\u0441\u043f\u043b\u0430\u0442\u043d\u043e \u043e\u0442 3000 / 2020-06-02",
    "action_flag": 1,
    "change_message": "[{\"added\": {}}]"
  }
}
]
