[
{
  "model": "auth.user",
  "fields": {
    "password": "pbkdf2_sha256$150000$uSFUOF4e7Zf3$vrIYIWOGUY5ss0MB5sKCnpScwXPnoVKyNpf7OR7awyo=",
    "last_login": "2020-06-11T08:20:35.746Z",
    "is_superuser": true,
    "username": "admin",
    "first_name": "",
    "last_name": "",
    "email": "",
    "is_staff": true,
    "is_active": true,
    "date_joined": "2020-04-26T13:55:42.503Z",
    "groups": [],
    "user_permissions": []
  }
},
{
  "model": "sessions.session",
  "pk": "5ur4ii2hvrwoi15pzzf5uw5s5v737iun",
  "fields": {
    "session_data": "Mzg3MzA0NWM2NDZhYTJjZTRkOGRmMjNiOWQ2MDRmNGM0ZGI5NzM4YTp7Il9hdXRoX3VzZXJfaWQiOiIxIiwiX2F1dGhfdXNlcl9iYWNrZW5kIjoiZGphbmdvLmNvbnRyaWIuYXV0aC5iYWNrZW5kcy5Nb2RlbEJhY2tlbmQiLCJfYXV0aF91c2VyX2hhc2giOiIxY2MxYWE2ZGNlNDkxZWMzMDhhMWNiNDNmZTQ2MzFhNjgzMDlmYzc1In0=",
    "expire_date": "2020-06-03T13:10:03.626Z"
  }
},
{
  "model": "sessions.session",
  "pk": "je2h2fmcl25ptacop1gawh58pivqp4bt",
  "fields": {
    "session_data": "Mzg3MzA0NWM2NDZhYTJjZTRkOGRmMjNiOWQ2MDRmNGM0ZGI5NzM4YTp7Il9hdXRoX3VzZXJfaWQiOiIxIiwiX2F1dGhfdXNlcl9iYWNrZW5kIjoiZGphbmdvLmNvbnRyaWIuYXV0aC5iYWNrZW5kcy5Nb2RlbEJhY2tlbmQiLCJfYXV0aF91c2VyX2hhc2giOiIxY2MxYWE2ZGNlNDkxZWMzMDhhMWNiNDNmZTQ2MzFhNjgzMDlmYzc1In0=",
    "expire_date": "2020-06-09T21:46:19.186Z"
  }
},
{
  "model": "sessions.session",
  "pk": "l6zx1dfzs6y7jf52dd8uhw6yfcudtqr4",
  "fields": {
    "session_data": "Mzg3MzA0NWM2NDZhYTJjZTRkOGRmMjNiOWQ2MDRmNGM0ZGI5NzM4YTp7Il9hdXRoX3VzZXJfaWQiOiIxIiwiX2F1dGhfdXNlcl9iYWNrZW5kIjoiZGphbmdvLmNvbnRyaWIuYXV0aC5iYWNrZW5kcy5Nb2RlbEJhY2tlbmQiLCJfYXV0aF91c2VyX2hhc2giOiIxY2MxYWE2ZGNlNDkxZWMzMDhhMWNiNDNmZTQ2MzFhNjgzMDlmYzc1In0=",
    "expire_date": "2020-05-16T13:36:35.356Z"
  }
},
{
  "model": "sessions.session",
  "pk": "vwrsrvf9zuzw4qqigrdjypaeq86rbtpj",
  "fields": {
    "session_data": "Mzg3MzA0NWM2NDZhYTJjZTRkOGRmMjNiOWQ2MDRmNGM0ZGI5NzM4YTp7Il9hdXRoX3VzZXJfaWQiOiIxIiwiX2F1dGhfdXNlcl9iYWNrZW5kIjoiZGphbmdvLmNvbnRyaWIuYXV0aC5iYWNrZW5kcy5Nb2RlbEJhY2tlbmQiLCJfYXV0aF91c2VyX2hhc2giOiIxY2MxYWE2ZGNlNDkxZWMzMDhhMWNiNDNmZTQ2MzFhNjgzMDlmYzc1In0=",
    "expire_date": "2020-06-25T08:20:35.751Z"
  }
},
{
  "model": "webapp.category",
  "pk": 1,
  "fields": {
    "category_name": "\u0411\u0443\u043c\u0430\u0436\u043d\u0430\u044f \u043f\u0440\u043e\u0434\u0443\u043a\u0446\u0438\u044f",
    "photo": "category_images/bum-izdelia_nQT7gWi.png"
  }
},
{
  "model": "webapp.category",
  "pk": 2,
  "fields": {
    "category_name": "\u0422\u043e\u0432\u0430\u0440\u044b \u0434\u043b\u044f \u0442\u0432\u043e\u0440\u0447\u0435\u0441\u0442\u0432\u0430",
    "photo": "category_images/child.png"
  }
},
{
  "model": "webapp.category",
  "pk": 3,
  "fields": {
    "category_name": "\u041a\u0430\u043d\u0446\u0442\u043e\u0432\u0430\u0440\u044b",
    "photo": "category_images/kanc.png"
  }
},
{
  "model": "webapp.category",
  "pk": 4,
  "fields": {
    "category_name": "\u0425\u043e\u0437\u044f\u0439\u0441\u0442\u0432\u0435\u043d\u043d\u044b\u0435 \u0442\u043e\u0432\u0430\u0440\u044b",
    "photo": "category_images/hoz.png"
  }
},
{
  "model": "webapp.category",
  "pk": 5,
  "fields": {
    "category_name": "\u041a\u043e\u043c\u043f\u044c\u044e\u0442\u0435\u0440\u044b \u0438 \u043f\u0435\u0440\u0438\u0444\u0435\u0440\u0438\u044f",
    "photo": "category_images/kanc_RGjD43H.png"
  }
},
{
  "model": "webapp.category",
  "pk": 7,
  "fields": {
    "category_name": "\u041a\u0430\u0440\u0442\u0440\u0438\u0434\u0436\u0438",
    "photo": "category_images/hoz_q9MlKRM.png"
  }
},
{
  "model": "webapp.category",
  "pk": 8,
  "fields": {
    "category_name": "\u0422\u043e\u0432\u0430\u0440\u044b \u0434\u043b\u044f \u0448\u043a\u043e\u043b\u044b",
    "photo": "category_images/child_9vNh743.png"
  }
},
{
  "model": "webapp.category",
  "pk": 9,
  "fields": {
    "category_name": "\u041e\u0444\u0438\u0441\u043d\u0430\u044f \u0442\u0435\u0445\u043d\u0438\u043a\u0430",
    "photo": "category_images/hoz_09CBgMR.png"
  }
},
{
  "model": "webapp.category",
  "pk": 10,
  "fields": {
    "category_name": "\u041f\u043e\u0441\u0443\u0434\u0430 \u0438 \u0442\u0435\u043a\u0441\u0442\u0438\u043b\u044c",
    "photo": "category_images/hoz_wIg5dx9.png"
  }
},
{
  "model": "webapp.category",
  "pk": 11,
  "fields": {
    "category_name": "\u0422\u043e\u0432\u0430\u0440\u044b \u0434\u043b\u044f \u0442\u043e\u0440\u0433\u043e\u0432\u043b\u0438",
    "photo": "category_images/hoz_5r1ljaf.png"
  }
},
{
  "model": "webapp.category",
  "pk": 12,
  "fields": {
    "category_name": "\u0423\u0446\u0435\u043d\u0435\u043d\u043d\u044b\u0435 \u0442\u043e\u0432\u0430\u0440\u044b",
    "photo": ""
  }
},
{
  "model": "webapp.category",
  "pk": 14,
  "fields": {
    "category_name": "\u0411\u0443\u043c\u0430\u0436\u043d\u0430\u044f \u043f\u0440\u043e\u0434\u0443\u043a\u0446\u0438\u044f",
    "photo": ""
  }
},
{
  "model": "webapp.subcategory",
  "pk": 1,
  "fields": {
    "sub_name": "\u0411\u0443\u043c\u0430\u0433\u0430 \u04304",
    "category": 1
  }
},
{
  "model": "webapp.subcategory",
  "pk": 2,
  "fields": {
    "sub_name": "\u0411\u0443\u043c\u0430\u0433\u0430 \u04303",
    "category": 1
  }
},
{
  "model": "webapp.subcategory",
  "pk": 3,
  "fields": {
    "sub_name": "\u041a\u0438\u0441\u0442\u0438",
    "category": 2
  }
},
{
  "model": "webapp.subcategory",
  "pk": 4,
  "fields": {
    "sub_name": "\u041c\u043e\u043b\u044c\u0431\u0435\u0440\u0442\u044b",
    "category": 2
  }
},
{
  "model": "webapp.subcategory",
  "pk": 5,
  "fields": {
    "sub_name": "\u0420\u044e\u043a\u0437\u0430\u043a",
    "category": 8
  }
},
{
  "model": "webapp.subcategory",
  "pk": 6,
  "fields": {
    "sub_name": "\u041f\u0440\u0438\u043d\u0442\u0435\u0440\u044b",
    "category": 9
  }
},
{
  "model": "webapp.subcategory",
  "pk": 7,
  "fields": {
    "sub_name": "\u041a\u043e\u043f\u0438\u0440\u043e\u0432\u0430\u043b\u044c\u043d\u044b\u0435 \u043c\u0430\u0448\u0438\u043d\u044b",
    "category": 9
  }
},
{
  "model": "webapp.subcategory",
  "pk": 8,
  "fields": {
    "sub_name": "\u0412\u0435\u0434\u0440\u0430",
    "category": 4
  }
},
{
  "model": "webapp.subcategory",
  "pk": 21,
  "fields": {
    "sub_name": "\u0411\u0443\u043c\u0430\u0433\u0430 \u04105",
    "category": 1
  }
},
{
  "model": "webapp.brand",
  "pk": 2,
  "fields": {
    "brand_name": "Bic",
    "photo": "brand_images/orig.jpg"
  }
},
{
  "model": "webapp.brand",
  "pk": 3,
  "fields": {
    "brand_name": "\u041b\u0443\u0447",
    "photo": "brand_images/Unknown.jpg"
  }
},
{
  "model": "webapp.brand",
  "pk": 4,
  "fields": {
    "brand_name": "\u0413\u0430\u043c\u043c\u0430",
    "photo": "brand_images/orig.png"
  }
},
{
  "model": "webapp.brand",
  "pk": 5,
  "fields": {
    "brand_name": "Faber-castell",
    "photo": "brand_images/faber_sastell.png"
  }
},
{
  "model": "webapp.brand",
  "pk": 6,
  "fields": {
    "brand_name": "Erichkrause",
    "photo": "brand_images/scale_1200.png"
  }
},
{
  "model": "webapp.tag",
  "pk": 5,
  "fields": {
    "name": "crayon",
    "created_at": "2020-06-05T06:27:57.288Z"
  }
},
{
  "model": "webapp.tag",
  "pk": 6,
  "fields": {
    "name": "\u0442\u0432\u043e\u0440\u0447\u0435\u0441\u0442\u0432\u043e",
    "created_at": "2020-06-05T06:27:57.302Z"
  }
},
{
  "model": "webapp.tag",
  "pk": 7,
  "fields": {
    "name": "\u0445\u0443\u0434\u043e\u0436\u043d\u0438\u043a",
    "created_at": "2020-06-05T06:27:57.309Z"
  }
},
{
  "model": "webapp.tag",
  "pk": 8,
  "fields": {
    "name": "\u0446\u0435\u043b\u043b\u044e\u043b\u043e\u0437\u0430",
    "created_at": "2020-06-05T10:14:23.338Z"
  }
},
{
  "model": "webapp.tag",
  "pk": 9,
  "fields": {
    "name": "\u0431\u0435\u043b\u044b\u0439",
    "created_at": "2020-06-05T10:14:23.370Z"
  }
},
{
  "model": "webapp.tag",
  "pk": 10,
  "fields": {
    "name": "\u0440\u0443\u0447\u043a\u0430",
    "created_at": "2020-06-12T10:17:27.622Z"
  }
},
{
  "model": "webapp.product",
  "pk": 1,
  "fields": {
    "name": "\u041a\u0430\u0440\u0430\u043d\u0434\u0430\u0448",
    "category": 2,
    "price": "200.00",
    "in_stock": true,
    "description": "\u0418\u043d\u0441\u0442\u0440\u0443\u043c\u0435\u043d\u0442 \u0432 \u0432\u0438\u0434\u0435 \u0441\u0442\u0435\u0440\u0436\u043d\u044f, \u0438\u0437\u0433\u043e\u0442\u0430\u0432\u043b\u0438\u0432\u0430\u0435\u043c\u043e\u0433\u043e \u0438\u0437 \u043f\u0438\u0448\u0443\u0449\u0435\u0433\u043e \u043c\u0430\u0442\u0435\u0440\u0438\u0430\u043b\u0430 (\u0443\u0433\u043b\u044f, \u0433\u0440\u0430\u0444\u0438\u0442\u0430, \u0441\u0443\u0445\u0438\u0445 \u043a\u0440\u0430\u0441\u043e\u043a \u0438 \u0442\u043e\u043c\u0443 \u043f\u043e\u0434\u043e\u0431\u043d\u043e\u0433\u043e), \u043f\u0440\u0438\u043c\u0435\u043d\u044f\u0435\u043c\u044b\u0439 \u0434\u043b\u044f \u043f\u0438\u0441\u044c\u043c\u0430, \u0440\u0438\u0441\u043e\u0432\u0430\u043d\u0438\u044f, \u0447\u0435\u0440\u0447\u0435\u043d\u0438\u044f, \u043c\u0430\u0440\u043a\u0438\u0440\u043e\u0432\u043a\u0438, \u0440\u0430\u0437\u043c\u0435\u0442\u043a\u0438 (\u0432 \u0441\u0442\u0440\u043e\u0438\u0442\u0435\u043b\u044c\u0441\u0442\u0432\u0435 \u0438 \u043d\u0430 \u043f\u0440\u043e\u0438\u0437\u0432\u043e\u0434\u0441\u0442\u0432\u0435), \u0430 \u0442\u0430\u043a\u0436\u0435 \u0432 \u043a\u043e\u0441\u043c\u0435\u0442\u0438\u0447\u0435\u0441\u043a\u0438\u0445 \u0438 \u0434\u0440\u0443\u0433\u0438\u0445 \u043f\u043e\u0445\u043e\u0436\u0438\u0445 \u0446\u0435\u043b\u044f\u0445. \u0427\u0430\u0441\u0442\u043e, \u0432 \u0446\u0435\u043b\u044f\u0445 \u0443\u0434\u043e\u0431\u0441\u0442\u0432\u0430, \u043f\u0438\u0448\u0443\u0449\u0438\u0439 \u0441\u0442\u0435\u0440\u0436\u0435\u043d\u044c \u043a\u0430\u0440\u0430\u043d\u0434\u0430\u0448\u0430 \u0432\u0441\u0442\u0430\u0432\u043b\u044f\u0435\u0442\u0441\u044f \u0432 \u0441\u043f\u0435\u0446\u0438\u0430\u043b\u044c\u043d\u0443\u044e \u043e\u043f\u0440\u0430\u0432\u0443.",
    "color": "#F0DEBA;",
    "discount": null,
    "date": "2020-04-29T11:41:22Z",
    "quantity": 199,
    "brand": 5,
    "tags": [
      5,
      6,
      7
    ]
  }
},
{
  "model": "webapp.product",
  "pk": 2,
  "fields": {
    "name": "\u041a\u0430\u0440\u0430\u043d\u0434\u0430\u0448",
    "category": 2,
    "price": "150.00",
    "in_stock": true,
    "description": "\u0418\u043d\u0441\u0442\u0440\u0443\u043c\u0435\u043d\u0442 \u0432 \u0432\u0438\u0434\u0435 \u0441\u0442\u0435\u0440\u0436\u043d\u044f, \u0438\u0437\u0433\u043e\u0442\u0430\u0432\u043b\u0438\u0432\u0430\u0435\u043c\u043e\u0433\u043e \u0438\u0437 \u043f\u0438\u0448\u0443\u0449\u0435\u0433\u043e \u043c\u0430\u0442\u0435\u0440\u0438\u0430\u043b\u0430 (\u0443\u0433\u043b\u044f, \u0433\u0440\u0430\u0444\u0438\u0442\u0430, \u0441\u0443\u0445\u0438\u0445 \u043a\u0440\u0430\u0441\u043e\u043a \u0438 \u0442\u043e\u043c\u0443 \u043f\u043e\u0434\u043e\u0431\u043d\u043e\u0433\u043e), \u043f\u0440\u0438\u043c\u0435\u043d\u044f\u0435\u043c\u044b\u0439 \u0434\u043b\u044f \u043f\u0438\u0441\u044c\u043c\u0430, \u0440\u0438\u0441\u043e\u0432\u0430\u043d\u0438\u044f, \u0447\u0435\u0440\u0447\u0435\u043d\u0438\u044f, \u043c\u0430\u0440\u043a\u0438\u0440\u043e\u0432\u043a\u0438, \u0440\u0430\u0437\u043c\u0435\u0442\u043a\u0438 (\u0432 \u0441\u0442\u0440\u043e\u0438\u0442\u0435\u043b\u044c\u0441\u0442\u0432\u0435 \u0438 \u043d\u0430 \u043f\u0440\u043e\u0438\u0437\u0432\u043e\u0434\u0441\u0442\u0432\u0435), \u0430 \u0442\u0430\u043a\u0436\u0435 \u0432 \u043a\u043e\u0441\u043c\u0435\u0442\u0438\u0447\u0435\u0441\u043a\u0438\u0445 \u0438 \u0434\u0440\u0443\u0433\u0438\u0445 \u043f\u043e\u0445\u043e\u0436\u0438\u0445 \u0446\u0435\u043b\u044f\u0445. \u0427\u0430\u0441\u0442\u043e, \u0432 \u0446\u0435\u043b\u044f\u0445 \u0443\u0434\u043e\u0431\u0441\u0442\u0432\u0430, \u043f\u0438\u0448\u0443\u0449\u0438\u0439 \u0441\u0442\u0435\u0440\u0436\u0435\u043d\u044c \u043a\u0430\u0440\u0430\u043d\u0434\u0430\u0448\u0430 \u0432\u0441\u0442\u0430\u0432\u043b\u044f\u0435\u0442\u0441\u044f \u0432 \u0441\u043f\u0435\u0446\u0438\u0430\u043b\u044c\u043d\u0443\u044e \u043e\u043f\u0440\u0430\u0432\u0443.",
    "color": "purple",
    "discount": null,
    "date": "2020-04-29T11:41:22Z",
    "quantity": 16,
    "brand": 6,
    "tags": []
  }
},
{
  "model": "webapp.product",
  "pk": 3,
  "fields": {
    "name": "\u0411\u0443\u043c\u0430\u0433\u0430 \u0421\u043d\u0435\u0433\u0443\u0440\u043e\u0447\u043a\u0430",
    "category": 1,
    "price": "120.00",
    "in_stock": true,
    "description": "\u0412\u043e\u043b\u043e\u043a\u043d\u0438\u0441\u0442\u044b\u0439 \u043c\u0430\u0442\u0435\u0440\u0438\u0430\u043b \u0441 \u043c\u0438\u043d\u0435\u0440\u0430\u043b\u044c\u043d\u044b\u043c\u0438 \u0434\u043e\u0431\u0430\u0432\u043a\u0430\u043c\u0438. \u041f\u0440\u0435\u0434\u0441\u0442\u0430\u0432\u043b\u0435\u043d \u0432 \u0432\u0438\u0434\u0435 \u043b\u0438\u0441\u0442\u043e\u0432 \u0434\u043b\u044f \u043f\u0438\u0441\u044c\u043c\u0430, \u0440\u0438\u0441\u043e\u0432\u0430\u043d\u0438\u044f, \u0443\u043f\u0430\u043a\u043e\u0432\u043a\u0438 \u0438 \u043f\u0440\u043e\u0447\u0435\u0433\u043e, \u043f\u043e\u043b\u0443\u0447\u0430\u0435\u043c\u044b\u0439 \u0438\u0437 \u0446\u0435\u043b\u043b\u044e\u043b\u043e\u0437\u044b: \u0440\u0430\u0441\u0442\u0435\u043d\u0438\u0439, \u0430 \u0442\u0430\u043a\u0436\u0435 \u0432\u0442\u043e\u0440\u0441\u044b\u0440\u044c\u044f (\u0442\u0440\u044f\u043f\u044c\u044f \u0438 \u043c\u0430\u043a\u0443\u043b\u0430\u0442\u0443\u0440\u044b).",
    "color": "white",
    "discount": null,
    "date": "2020-04-29T11:41:22Z",
    "quantity": 10000,
    "brand": null,
    "tags": []
  }
},
{
  "model": "webapp.product",
  "pk": 4,
  "fields": {
    "name": "\u0411\u0443\u043c\u0430\u0433\u0430",
    "category": 1,
    "price": "250.00",
    "in_stock": true,
    "description": "\u0412\u043e\u043b\u043e\u043a\u043d\u0438\u0441\u0442\u044b\u0439 \u043c\u0430\u0442\u0435\u0440\u0438\u0430\u043b \u0441 \u043c\u0438\u043d\u0435\u0440\u0430\u043b\u044c\u043d\u044b\u043c\u0438 \u0434\u043e\u0431\u0430\u0432\u043a\u0430\u043c\u0438. \u041f\u0440\u0435\u0434\u0441\u0442\u0430\u0432\u043b\u0435\u043d \u0432 \u0432\u0438\u0434\u0435 \u043b\u0438\u0441\u0442\u043e\u0432 \u0434\u043b\u044f \u043f\u0438\u0441\u044c\u043c\u0430, \u0440\u0438\u0441\u043e\u0432\u0430\u043d\u0438\u044f, \u0443\u043f\u0430\u043a\u043e\u0432\u043a\u0438 \u0438 \u043f\u0440\u043e\u0447\u0435\u0433\u043e, \u043f\u043e\u043b\u0443\u0447\u0430\u0435\u043c\u044b\u0439 \u0438\u0437 \u0446\u0435\u043b\u043b\u044e\u043b\u043e\u0437\u044b: \u0440\u0430\u0441\u0442\u0435\u043d\u0438\u0439, \u0430 \u0442\u0430\u043a\u0436\u0435 \u0432\u0442\u043e\u0440\u0441\u044b\u0440\u044c\u044f (\u0442\u0440\u044f\u043f\u044c\u044f \u0438 \u043c\u0430\u043a\u0443\u043b\u0430\u0442\u0443\u0440\u044b).",
    "color": "#F0DEBA;",
    "discount": null,
    "date": "2020-04-29T11:41:22Z",
    "quantity": 1000,
    "brand": null,
    "tags": [
      8,
      9
    ]
  }
},
{
  "model": "webapp.product",
  "pk": 5,
  "fields": {
    "name": "\u041a\u0440\u0430\u0441\u043a\u0438",
    "category": 2,
    "price": "300.00",
    "in_stock": true,
    "description": "\u0410\u043a\u0432\u0430\u0440\u0435\u043b\u044c\u043d\u044b\u0435 \u043a\u0440\u0430\u0441\u043a\u0438 \u0441\u043e\u0441\u0442\u043e\u044f\u0442 \u0438\u0437 \u043f\u0438\u0433\u043c\u0435\u043d\u0442\u0430 \u0438 \u0441\u0432\u044f\u0437\u0443\u044e\u0449\u0435\u0433\u043e \u0432\u0435\u0449\u0435\u0441\u0442\u0432\u0430 (\u0432\u043e\u0434\u043e\u0440\u0430\u0441\u0442\u0432\u043e\u0440\u0438\u043c\u044b\u0435 \u0441\u043b\u043e\u0436\u043d\u044b\u0435 \u0443\u0433\u043b\u0435\u0432\u043e\u0434\u044b: \u0440\u0430\u0441\u0442\u0438\u0442\u0435\u043b\u044c\u043d\u044b\u0439 \u043a\u043b\u0435\u0439, \u0434\u0435\u043a\u0441\u0442\u0440\u0438\u043d, \u043d\u0430\u0442\u0443\u0440\u0430\u043b\u044c\u043d\u044b\u0439 \u0433\u0443\u043c\u043c\u0438\u0430\u0440\u0430\u0431\u0438\u043a \u0441 \u0434\u043e\u0431\u0430\u0432\u043b\u0435\u043d\u0438\u0435\u043c \u0433\u043b\u0438\u0446\u0435\u0440\u0438\u043d\u0430, \u0441\u0430\u0445\u0430\u0440\u0430 \u0438\u043b\u0438 \u043c\u0451\u0434\u0430), \u043e\u043d\u0438 \u0440\u0430\u0437\u0432\u043e\u0434\u044f\u0442\u0441\u044f \u0432\u043e\u0434\u043e\u0439 \u0438 \u043b\u0435\u0433\u043a\u043e \u0441\u043c\u044b\u0432\u0430\u044e\u0442\u0441\u044f. \u041f\u0440\u0438 \u0440\u0430\u0441\u0442\u0432\u043e\u0440\u0435\u043d\u0438\u0438 \u0432 \u0432\u043e\u0434\u0435 \u043e\u0431\u0440\u0430\u0437\u0443\u044e\u0442 \u043f\u0440\u043e\u0437\u0440\u0430\u0447\u043d\u0443\u044e \u0432\u0437\u0432\u0435\u0441\u044c \u0442\u043e\u043d\u043a\u043e\u0433\u043e \u043f\u0438\u0433\u043c\u0435\u043d\u0442\u0430, \u0438 \u043f\u043e\u0437\u0432\u043e\u043b\u044f\u044e\u0442 \u0437\u0430 \u0441\u0447\u0451\u0442 \u044d\u0442\u043e\u0433\u043e \u0441\u043e\u0437\u0434\u0430\u0432\u0430\u0442\u044c \u044d\u0444\u0444\u0435\u043a\u0442 \u043b\u0451\u0433\u043a\u043e\u0441\u0442\u0438, \u0432\u043e\u0437\u0434\u0443\u0448\u043d\u043e\u0441\u0442\u0438 \u0438 \u0442\u043e\u043d\u043a\u0438\u0445 \u0446\u0432\u0435\u0442\u043e\u0432\u044b\u0445 \u043f\u0435\u0440\u0435\u0445\u043e\u0434\u043e\u0432.",
    "color": "#F0DEBA;",
    "discount": null,
    "date": "2020-04-29T11:41:22Z",
    "quantity": 11,
    "brand": 3,
    "tags": [
      6,
      7
    ]
  }
},
{
  "model": "webapp.product",
  "pk": 6,
  "fields": {
    "name": "\u041f\u043b\u0430\u0441\u0442\u0438\u043b\u0438\u043d",
    "category": 2,
    "price": "70.00",
    "in_stock": true,
    "description": "\u041c\u0430\u0442\u0435\u0440\u0438\u0430\u043b \u0434\u043b\u044f \u043b\u0435\u043f\u043a\u0438. \u0420\u0430\u043d\u0435\u0435 \u0438\u0437\u0433\u043e\u0442\u0430\u0432\u043b\u0438\u0432\u0430\u043b\u0441\u044f \u0438\u0437 \u043e\u0447\u0438\u0449\u0435\u043d\u043d\u043e\u0433\u043e \u0438 \u0440\u0430\u0437\u043c\u0435\u043b\u044c\u0447\u0435\u043d\u043d\u043e\u0433\u043e \u043f\u043e\u0440\u043e\u0448\u043a\u0430 \u0433\u043b\u0438\u043d\u044b \u0441 \u0434\u043e\u0431\u0430\u0432\u043b\u0435\u043d\u0438\u0435\u043c \u0432\u043e\u0441\u043a\u0430, \u0436\u0438\u0432\u043e\u0442\u043d\u044b\u0445 \u0436\u0438\u0440\u043e\u0432 \u0438 \u0434\u0440\u0443\u0433\u0438\u0445 \u0432\u0435\u0449\u0435\u0441\u0442\u0432, \u043f\u0440\u0435\u043f\u044f\u0442\u0441\u0442\u0432\u0443\u044e\u0449\u0438\u0445 \u0432\u044b\u0441\u044b\u0445\u0430\u043d\u0438\u044e. \u0412 \u043d\u0430\u0441\u0442\u043e\u044f\u0449\u0435\u0435 \u0432\u0440\u0435\u043c\u044f \u043f\u0440\u0438 \u043f\u0440\u043e\u0438\u0437\u0432\u043e\u0434\u0441\u0442\u0432\u0435 \u043f\u043b\u0430\u0441\u0442\u0438\u043b\u0438\u043d\u0430 \u0438\u0441\u043f\u043e\u043b\u044c\u0437\u0443\u044e\u0442 \u0442\u0430\u043a\u0436\u0435 \u0432\u044b\u0441\u043e\u043a\u043e\u043c\u043e\u043b\u0435\u043a\u0443\u043b\u044f\u0440\u043d\u044b\u0439 \u043f\u043e\u043b\u0438\u044d\u0442\u0438\u043b\u0435\u043d (\u0412\u041c\u041f\u042d), \u043f\u043e\u043b\u0438\u0432\u0438\u043d\u0438\u043b\u0445\u043b\u043e\u0440\u0438\u0434 (\u041f\u0412\u0425), \u043a\u0430\u0443\u0447\u0443\u043a\u0438 \u0438 \u0434\u0440\u0443\u0433\u0438\u0435 \u0432\u044b\u0441\u043e\u043a\u043e\u0442\u0435\u0445\u043d\u043e\u043b\u043e\u0433\u0438\u0447\u043d\u044b\u0435 \u043c\u0430\u0442\u0435\u0440\u0438\u0430\u043b\u044b. \u041e\u043a\u0440\u0430\u0448\u0438\u0432\u0430\u0435\u0442\u0441\u044f \u0432 \u0440\u0430\u0437\u043b\u0438\u0447\u043d\u044b\u0435 \u0446\u0432\u0435\u0442\u0430. \u0421\u043b\u0443\u0436\u0438\u0442 \u0434\u043b\u044f \u0432\u044b\u043f\u043e\u043b\u043d\u0435\u043d\u0438\u044f \u0444\u0438\u0433\u0443\u0440 \u044d\u0441\u043a\u0438\u0437\u043e\u0432 \u0434\u043b\u044f \u0441\u043a\u0443\u043b\u044c\u043f\u0442\u0443\u0440\u043d\u044b\u0445 \u0440\u0430\u0431\u043e\u0442, \u043d\u0435\u0431\u043e\u043b\u044c\u0448\u0438\u0445 \u043c\u043e\u0434\u0435\u043b\u0435\u0439, \u043f\u0440\u043e\u0438\u0437\u0432\u0435\u0434\u0435\u043d\u0438\u0439 \u043c\u0430\u043b\u044b\u0445 \u0444\u043e\u0440\u043c.",
    "color": "#F0DEBA;",
    "discount": null,
    "date": "2020-04-29T11:41:22Z",
    "quantity": 10,
    "brand": 4,
    "tags": [
      6,
      7
    ]
  }
},
{
  "model": "webapp.product",
  "pk": 7,
  "fields": {
    "name": "\u041f\u043b\u0430\u0441\u0442\u0438\u043b\u0438\u043d",
    "category": 2,
    "price": "80.00",
    "in_stock": true,
    "description": "\u041c\u0430\u0442\u0435\u0440\u0438\u0430\u043b \u0434\u043b\u044f \u043b\u0435\u043f\u043a\u0438. \u0420\u0430\u043d\u0435\u0435 \u0438\u0437\u0433\u043e\u0442\u0430\u0432\u043b\u0438\u0432\u0430\u043b\u0441\u044f \u0438\u0437 \u043e\u0447\u0438\u0449\u0435\u043d\u043d\u043e\u0433\u043e \u0438 \u0440\u0430\u0437\u043c\u0435\u043b\u044c\u0447\u0435\u043d\u043d\u043e\u0433\u043e \u043f\u043e\u0440\u043e\u0448\u043a\u0430 \u0433\u043b\u0438\u043d\u044b \u0441 \u0434\u043e\u0431\u0430\u0432\u043b\u0435\u043d\u0438\u0435\u043c \u0432\u043e\u0441\u043a\u0430, \u0436\u0438\u0432\u043e\u0442\u043d\u044b\u0445 \u0436\u0438\u0440\u043e\u0432 \u0438 \u0434\u0440\u0443\u0433\u0438\u0445 \u0432\u0435\u0449\u0435\u0441\u0442\u0432, \u043f\u0440\u0435\u043f\u044f\u0442\u0441\u0442\u0432\u0443\u044e\u0449\u0438\u0445 \u0432\u044b\u0441\u044b\u0445\u0430\u043d\u0438\u044e. \u0412 \u043d\u0430\u0441\u0442\u043e\u044f\u0449\u0435\u0435 \u0432\u0440\u0435\u043c\u044f \u043f\u0440\u0438 \u043f\u0440\u043e\u0438\u0437\u0432\u043e\u0434\u0441\u0442\u0432\u0435 \u043f\u043b\u0430\u0441\u0442\u0438\u043b\u0438\u043d\u0430 \u0438\u0441\u043f\u043e\u043b\u044c\u0437\u0443\u044e\u0442 \u0442\u0430\u043a\u0436\u0435 \u0432\u044b\u0441\u043e\u043a\u043e\u043c\u043e\u043b\u0435\u043a\u0443\u043b\u044f\u0440\u043d\u044b\u0439 \u043f\u043e\u043b\u0438\u044d\u0442\u0438\u043b\u0435\u043d (\u0412\u041c\u041f\u042d), \u043f\u043e\u043b\u0438\u0432\u0438\u043d\u0438\u043b\u0445\u043b\u043e\u0440\u0438\u0434 (\u041f\u0412\u0425), \u043a\u0430\u0443\u0447\u0443\u043a\u0438 \u0438 \u0434\u0440\u0443\u0433\u0438\u0435 \u0432\u044b\u0441\u043e\u043a\u043e\u0442\u0435\u0445\u043d\u043e\u043b\u043e\u0433\u0438\u0447\u043d\u044b\u0435 \u043c\u0430\u0442\u0435\u0440\u0438\u0430\u043b\u044b. \u041e\u043a\u0440\u0430\u0448\u0438\u0432\u0430\u0435\u0442\u0441\u044f \u0432 \u0440\u0430\u0437\u043b\u0438\u0447\u043d\u044b\u0435 \u0446\u0432\u0435\u0442\u0430. \u0421\u043b\u0443\u0436\u0438\u0442 \u0434\u043b\u044f \u0432\u044b\u043f\u043e\u043b\u043d\u0435\u043d\u0438\u044f \u0444\u0438\u0433\u0443\u0440 \u044d\u0441\u043a\u0438\u0437\u043e\u0432 \u0434\u043b\u044f \u0441\u043a\u0443\u043b\u044c\u043f\u0442\u0443\u0440\u043d\u044b\u0445 \u0440\u0430\u0431\u043e\u0442, \u043d\u0435\u0431\u043e\u043b\u044c\u0448\u0438\u0445 \u043c\u043e\u0434\u0435\u043b\u0435\u0439, \u043f\u0440\u043e\u0438\u0437\u0432\u0435\u0434\u0435\u043d\u0438\u0439 \u043c\u0430\u043b\u044b\u0445 \u0444\u043e\u0440\u043c.",
    "color": "#F0DEBA;",
    "discount": null,
    "date": "2020-04-29T11:41:22Z",
    "quantity": 100,
    "brand": 4,
    "tags": []
  }
},
{
  "model": "webapp.product",
  "pk": 8,
  "fields": {
    "name": "\u0422\u0435\u0442\u0440\u0430\u0434\u0438",
    "category": 8,
    "price": "30.00",
    "in_stock": true,
    "description": "\u041f\u0435\u0447\u0430\u0442\u043d\u044b\u0439 \u0438\u043b\u0438 \u043f\u0438\u0441\u044c\u043c\u0435\u043d\u043d\u044b\u0439 \u043d\u043e\u0441\u0438\u0442\u0435\u043b\u044c \u0438\u043d\u0444\u043e\u0440\u043c\u0430\u0446\u0438\u0438, \u0441\u043e\u0441\u0442\u043e\u044f\u0449\u0438\u0439 \u0438\u0437 \u0441\u043e\u0433\u043d\u0443\u0442\u044b\u0445 \u043f\u043e\u043f\u043e\u043b\u0430\u043c \u043b\u0438\u0441\u0442\u043e\u0432 \u0431\u0443\u043c\u0430\u0433\u0438 \u0438 \u043f\u0435\u0440\u0435\u043f\u043b\u0435\u0442\u0451\u043d\u043d\u044b\u0445 \u0432 \u043c\u0435\u0441\u0442\u0435 \u0441\u0433\u0438\u0431\u0430 \u043d\u0438\u0442\u043a\u0430\u043c\u0438 \u0438\u043b\u0438 \u0441\u043a\u043e\u0431\u0430\u043c\u0438. \u0422\u0430\u043a\u0436\u0435 \u0442\u0435\u0442\u0440\u0430\u0434\u044c\u044e \u043c\u043e\u0433\u0443\u0442 \u043d\u0430\u0437\u044b\u0432\u0430\u0442\u044c\u0441\u044f \u043e\u0442\u0434\u0435\u043b\u044c\u043d\u044b\u0435 \u043b\u0438\u0441\u0442\u044b \u0434\u043b\u044f \u043f\u0438\u0441\u044c\u043c\u0430, \u0441\u043a\u0440\u0435\u043f\u043b\u0435\u043d\u043d\u044b\u0435 \u043a\u043b\u0435\u0435\u043c \u0438\u043b\u0438 \u043f\u0440\u043e\u0432\u043e\u043b\u043e\u0447\u043d\u043e\u0439 \u0441\u043f\u0438\u0440\u0430\u043b\u044c\u044e.",
    "color": "pink",
    "discount": null,
    "date": "2020-04-29T11:41:22Z",
    "quantity": 100,
    "brand": 6,
    "tags": []
  }
},
{
  "model": "webapp.product",
  "pk": 9,
  "fields": {
    "name": "\u0422\u0435\u0442\u0440\u0430\u0434\u0438",
    "category": 8,
    "price": "25.00",
    "in_stock": true,
    "description": "\u041f\u0435\u0447\u0430\u0442\u043d\u044b\u0439 \u0438\u043b\u0438 \u043f\u0438\u0441\u044c\u043c\u0435\u043d\u043d\u044b\u0439 \u043d\u043e\u0441\u0438\u0442\u0435\u043b\u044c \u0438\u043d\u0444\u043e\u0440\u043c\u0430\u0446\u0438\u0438, \u0441\u043e\u0441\u0442\u043e\u044f\u0449\u0438\u0439 \u0438\u0437 \u0441\u043e\u0433\u043d\u0443\u0442\u044b\u0445 \u043f\u043e\u043f\u043e\u043b\u0430\u043c \u043b\u0438\u0441\u0442\u043e\u0432 \u0431\u0443\u043c\u0430\u0433\u0438 \u0438 \u043f\u0435\u0440\u0435\u043f\u043b\u0435\u0442\u0451\u043d\u043d\u044b\u0445 \u0432 \u043c\u0435\u0441\u0442\u0435 \u0441\u0433\u0438\u0431\u0430 \u043d\u0438\u0442\u043a\u0430\u043c\u0438 \u0438\u043b\u0438 \u0441\u043a\u043e\u0431\u0430\u043c\u0438. \u0422\u0430\u043a\u0436\u0435 \u0442\u0435\u0442\u0440\u0430\u0434\u044c\u044e \u043c\u043e\u0433\u0443\u0442 \u043d\u0430\u0437\u044b\u0432\u0430\u0442\u044c\u0441\u044f \u043e\u0442\u0434\u0435\u043b\u044c\u043d\u044b\u0435 \u043b\u0438\u0441\u0442\u044b \u0434\u043b\u044f \u043f\u0438\u0441\u044c\u043c\u0430, \u0441\u043a\u0440\u0435\u043f\u043b\u0435\u043d\u043d\u044b\u0435 \u043a\u043b\u0435\u0435\u043c \u0438\u043b\u0438 \u043f\u0440\u043e\u0432\u043e\u043b\u043e\u0447\u043d\u043e\u0439 \u0441\u043f\u0438\u0440\u0430\u043b\u044c\u044e.",
    "color": "#F0DEBA;",
    "discount": null,
    "date": "2020-04-29T11:41:22Z",
    "quantity": 100,
    "brand": 5,
    "tags": []
  }
},
{
  "model": "webapp.product",
  "pk": 10,
  "fields": {
    "name": "\u0420\u0443\u0447\u043a\u0430",
    "category": 3,
    "price": "35.00",
    "in_stock": true,
    "description": "\u0420\u0443\u0447\u043a\u0430 \u0448\u0430\u0440\u0438\u043a\u043e\u0432\u0430\u044f",
    "color": "green",
    "discount": null,
    "date": "2020-06-12T10:17:27.609Z",
    "quantity": 200,
    "brand": 2,
    "tags": [
      10
    ]
  }
},
{
  "model": "webapp.product",
  "pk": 11,
  "fields": {
    "name": "\u0420\u0443\u0447\u043a\u0430",
    "category": 3,
    "price": "35.00",
    "in_stock": true,
    "description": "\u0420\u0443\u0447\u043a\u0430 \u0448\u0430\u0440\u0438\u043a\u043e\u0432\u0430\u044f",
    "color": "blue",
    "discount": null,
    "date": "2020-06-12T10:23:53.361Z",
    "quantity": 200,
    "brand": 2,
    "tags": [
      10
    ]
  }
},
{
  "model": "webapp.review",
  "pk": 1,
  "fields": {
    "product": 1,
    "grade": 3,
    "text": "test",
    "author": [
      "admin"
    ],
    "date": "2020-05-21"
  }
},
{
  "model": "webapp.review",
  "pk": 2,
  "fields": {
    "product": 2,
    "grade": 5,
    "text": "test",
    "author": [
      "admin"
    ],
    "date": "2020-05-22"
  }
},
{
  "model": "webapp.review",
  "pk": 3,
  "fields": {
    "product": 3,
    "grade": 3,
    "text": "test",
    "author": [
      "admin"
    ],
    "date": "2020-05-22"
  }
},
{
  "model": "webapp.review",
  "pk": 4,
  "fields": {
    "product": 4,
    "grade": 3,
    "text": "test",
    "author": [
      "admin"
    ],
    "date": "2020-05-22"
  }
},
{
  "model": "webapp.review",
  "pk": 5,
  "fields": {
    "product": 5,
    "grade": 2,
    "text": "test",
    "author": [
      "admin"
    ],
    "date": "2020-05-22"
  }
},
{
  "model": "webapp.review",
  "pk": 6,
  "fields": {
    "product": 6,
    "grade": 5,
    "text": "test",
    "author": [
      "admin"
    ],
    "date": "2020-05-22"
  }
},
{
  "model": "webapp.review",
  "pk": 7,
  "fields": {
    "product": 8,
    "grade": 1,
    "text": "test",
    "author": [
      "admin"
    ],
    "date": "2020-05-22"
  }
},
{
  "model": "webapp.image",
  "pk": 5,
  "fields": {
    "image": "product_images/9.jpg",
    "product": 1
  }
},
{
  "model": "webapp.image",
  "pk": 6,
  "fields": {
    "image": "product_images/10.jpg",
    "product": 1
  }
},
{
  "model": "webapp.image",
  "pk": 7,
  "fields": {
    "image": "product_images/9_GvwBzQ0.jpg",
    "product": 2
  }
},
{
  "model": "webapp.image",
  "pk": 8,
  "fields": {
    "image": "product_images/10_wt5H4ke.jpg",
    "product": 2
  }
},
{
  "model": "webapp.image",
  "pk": 9,
  "fields": {
    "image": "product_images/1.jpg",
    "product": 6
  }
},
{
  "model": "webapp.image",
  "pk": 10,
  "fields": {
    "image": "product_images/2.jpg",
    "product": 6
  }
},
{
  "model": "webapp.image",
  "pk": 11,
  "fields": {
    "image": "product_images/2_kphiQMP.jpg",
    "product": 7
  }
},
{
  "model": "webapp.image",
  "pk": 12,
  "fields": {
    "image": "product_images/1_ZmwhOQ0.jpg",
    "product": 7
  }
},
{
  "model": "webapp.image",
  "pk": 13,
  "fields": {
    "image": "product_images/6.jpg",
    "product": 3
  }
},
{
  "model": "webapp.image",
  "pk": 14,
  "fields": {
    "image": "product_images/5.png",
    "product": 3
  }
},
{
  "model": "webapp.image",
  "pk": 15,
  "fields": {
    "image": "product_images/5_92NOGa4.png",
    "product": 4
  }
},
{
  "model": "webapp.image",
  "pk": 16,
  "fields": {
    "image": "product_images/6_83ZQTMA.jpg",
    "product": 4
  }
},
{
  "model": "webapp.image",
  "pk": 17,
  "fields": {
    "image": "product_images/3.jpg",
    "product": 5
  }
},
{
  "model": "webapp.image",
  "pk": 18,
  "fields": {
    "image": "product_images/8.jpg",
    "product": 8
  }
},
{
  "model": "webapp.image",
  "pk": 19,
  "fields": {
    "image": "product_images/7.jpg",
    "product": 8
  }
},
{
  "model": "webapp.image",
  "pk": 20,
  "fields": {
    "image": "product_images/7_W8H3uvl.jpg",
    "product": 9
  }
},
{
  "model": "webapp.image",
  "pk": 21,
  "fields": {
    "image": "product_images/8_FJfgp06.jpg",
    "product": 9
  }
},
{
  "model": "webapp.image",
  "pk": 23,
  "fields": {
    "image": "product_images/123.jpg",
    "product": 10
  }
},
{
  "model": "webapp.image",
  "pk": 24,
  "fields": {
    "image": "product_images/234.jpg",
    "product": 10
  }
},
{
  "model": "webapp.image",
  "pk": 25,
  "fields": {
    "image": "product_images/345.jpg",
    "product": 11
  }
},
{
  "model": "webapp.favorite",
  "pk": 171,
  "fields": {
    "product": 1,
    "user": [
      "admin"
    ]
  }
},
{
  "model": "webapp.favorite",
  "pk": 172,
  "fields": {
    "product": 4,
    "user": [
      "admin"
    ]
  }
},
{
  "model": "webapp.favorite",
  "pk": 173,
  "fields": {
    "product": 8,
    "user": [
      "admin"
    ]
  }
},
{
  "model": "admin.logentry",
  "pk": 1,
  "fields": {
    "action_time": "2020-05-02T13:36:55.012Z",
    "user": [
      "admin"
    ],
    "content_type": [
      "webapp",
      "category"
    ],
    "object_id": "1",
    "object_repr": "\u0411\u0443\u043c\u0430\u0433\u0430",
    "action_flag": 1,
    "change_message": "[{\"added\": {}}]"
  }
},
{
  "model": "admin.logentry",
  "pk": 2,
  "fields": {
    "action_time": "2020-05-02T13:37:00.218Z",
    "user": [
      "admin"
    ],
    "content_type": [
      "webapp",
      "category"
    ],
    "object_id": "2",
    "object_repr": "\u041a\u0440\u0430\u0441\u043a\u0438",
    "action_flag": 1,
    "change_message": "[{\"added\": {}}]"
  }
},
{
  "model": "admin.logentry",
  "pk": 3,
  "fields": {
    "action_time": "2020-05-02T13:37:07.097Z",
    "user": [
      "admin"
    ],
    "content_type": [
      "webapp",
      "category"
    ],
    "object_id": "3",
    "object_repr": "\u041f\u043b\u0430\u0441\u0442\u0438\u043b\u0438\u043d\u044b",
    "action_flag": 1,
    "change_message": "[{\"added\": {}}]"
  }
},
{
  "model": "admin.logentry",
  "pk": 4,
  "fields": {
    "action_time": "2020-05-02T13:37:15.048Z",
    "user": [
      "admin"
    ],
    "content_type": [
      "webapp",
      "category"
    ],
    "object_id": "4",
    "object_repr": "\u0422\u0435\u0442\u0440\u0430\u0434\u0438",
    "action_flag": 1,
    "change_message": "[{\"added\": {}}]"
  }
},
{
  "model": "admin.logentry",
  "pk": 5,
  "fields": {
    "action_time": "2020-05-02T13:37:18.657Z",
    "user": [
      "admin"
    ],
    "content_type": [
      "webapp",
      "category"
    ],
    "object_id": "5",
    "object_repr": "\u041a\u0440\u0430\u0441\u043a\u0438",
    "action_flag": 1,
    "change_message": "[{\"added\": {}}]"
  }
},
{
  "model": "admin.logentry",
  "pk": 6,
  "fields": {
    "action_time": "2020-05-02T13:41:59.313Z",
    "user": [
      "admin"
    ],
    "content_type": [
      "webapp",
      "category"
    ],
    "object_id": "2",
    "object_repr": "\u041a\u0430\u0440\u0430\u043d\u0434\u0430\u0448\u0438",
    "action_flag": 2,
    "change_message": "[{\"changed\": {\"fields\": [\"category_name\"]}}]"
  }
},
{
  "model": "admin.logentry",
  "pk": 7,
  "fields": {
    "action_time": "2020-05-02T13:43:04.614Z",
    "user": [
      "admin"
    ],
    "content_type": [
      "webapp",
      "product"
    ],
    "object_id": "1",
    "object_repr": "\u041a\u0430\u0440\u0430\u043d\u0434\u0430\u0448",
    "action_flag": 1,
    "change_message": "[{\"added\": {}}]"
  }
},
{
  "model": "admin.logentry",
  "pk": 8,
  "fields": {
    "action_time": "2020-05-02T13:43:25.038Z",
    "user": [
      "admin"
    ],
    "content_type": [
      "webapp",
      "product"
    ],
    "object_id": "2",
    "object_repr": "\u041a\u0430\u0440\u0430\u043d\u0434\u0430\u0448",
    "action_flag": 1,
    "change_message": "[{\"added\": {}}]"
  }
},
{
  "model": "admin.logentry",
  "pk": 9,
  "fields": {
    "action_time": "2020-05-02T13:43:53.105Z",
    "user": [
      "admin"
    ],
    "content_type": [
      "webapp",
      "product"
    ],
    "object_id": "3",
    "object_repr": "\u0411\u0443\u043c\u0430\u0433\u0430 \u0421\u043d\u0435\u0433\u0443\u0440\u043e\u0447\u043a\u0430",
    "action_flag": 1,
    "change_message": "[{\"added\": {}}]"
  }
},
{
  "model": "admin.logentry",
  "pk": 10,
  "fields": {
    "action_time": "2020-05-02T13:44:10.715Z",
    "user": [
      "admin"
    ],
    "content_type": [
      "webapp",
      "product"
    ],
    "object_id": "4",
    "object_repr": "\u0411\u0443\u043c\u0430\u0433\u0430",
    "action_flag": 1,
    "change_message": "[{\"added\": {}}]"
  }
},
{
  "model": "admin.logentry",
  "pk": 11,
  "fields": {
    "action_time": "2020-05-02T13:44:49.009Z",
    "user": [
      "admin"
    ],
    "content_type": [
      "webapp",
      "product"
    ],
    "object_id": "5",
    "object_repr": "\u041a\u0440\u0430\u0441\u043a\u0438",
    "action_flag": 1,
    "change_message": "[{\"added\": {}}]"
  }
},
{
  "model": "admin.logentry",
  "pk": 12,
  "fields": {
    "action_time": "2020-05-02T13:45:01.232Z",
    "user": [
      "admin"
    ],
    "content_type": [
      "webapp",
      "product"
    ],
    "object_id": "2",
    "object_repr": "\u041a\u0430\u0440\u0430\u043d\u0434\u0430\u0448",
    "action_flag": 2,
    "change_message": "[{\"changed\": {\"fields\": [\"photo\"]}}]"
  }
},
{
  "model": "admin.logentry",
  "pk": 13,
  "fields": {
    "action_time": "2020-05-02T13:45:14.495Z",
    "user": [
      "admin"
    ],
    "content_type": [
      "webapp",
      "product"
    ],
    "object_id": "1",
    "object_repr": "\u041a\u0430\u0440\u0430\u043d\u0434\u0430\u0448",
    "action_flag": 2,
    "change_message": "[{\"changed\": {\"fields\": [\"photo\"]}}]"
  }
},
{
  "model": "admin.logentry",
  "pk": 14,
  "fields": {
    "action_time": "2020-05-02T13:45:32.294Z",
    "user": [
      "admin"
    ],
    "content_type": [
      "webapp",
      "product"
    ],
    "object_id": "6",
    "object_repr": "\u041f\u043b\u0430\u0441\u0442\u0438\u043b\u0438\u043d",
    "action_flag": 1,
    "change_message": "[{\"added\": {}}]"
  }
},
{
  "model": "admin.logentry",
  "pk": 15,
  "fields": {
    "action_time": "2020-05-02T13:45:51.923Z",
    "user": [
      "admin"
    ],
    "content_type": [
      "webapp",
      "product"
    ],
    "object_id": "7",
    "object_repr": "\u041f\u043b\u0430\u0441\u0442\u0438\u043b\u0438\u043d",
    "action_flag": 1,
    "change_message": "[{\"added\": {}}]"
  }
},
{
  "model": "admin.logentry",
  "pk": 16,
  "fields": {
    "action_time": "2020-05-02T13:46:13.509Z",
    "user": [
      "admin"
    ],
    "content_type": [
      "webapp",
      "product"
    ],
    "object_id": "8",
    "object_repr": "\u0422\u0435\u0442\u0440\u0430\u0434\u0438",
    "action_flag": 1,
    "change_message": "[{\"added\": {}}]"
  }
},
{
  "model": "admin.logentry",
  "pk": 17,
  "fields": {
    "action_time": "2020-05-02T13:46:30.400Z",
    "user": [
      "admin"
    ],
    "content_type": [
      "webapp",
      "product"
    ],
    "object_id": "9",
    "object_repr": "\u0422\u0435\u0442\u0440\u0430\u0434\u0438",
    "action_flag": 1,
    "change_message": "[{\"added\": {}}]"
  }
},
{
  "model": "admin.logentry",
  "pk": 18,
  "fields": {
    "action_time": "2020-05-21T10:22:33.501Z",
    "user": [
      "admin"
    ],
    "content_type": [
      "webapp",
      "news"
    ],
    "object_id": "1",
    "object_repr": "test",
    "action_flag": 1,
    "change_message": "[{\"added\": {}}]"
  }
},
{
  "model": "admin.logentry",
  "pk": 19,
  "fields": {
    "action_time": "2020-05-22T09:38:59.993Z",
    "user": [
      "admin"
    ],
    "content_type": [
      "webapp",
      "news"
    ],
    "object_id": "2",
    "object_repr": "test",
    "action_flag": 1,
    "change_message": "[{\"added\": {}}]"
  }
},
{
  "model": "admin.logentry",
  "pk": 20,
  "fields": {
    "action_time": "2020-05-22T09:39:11.789Z",
    "user": [
      "admin"
    ],
    "content_type": [
      "webapp",
      "news"
    ],
    "object_id": "3",
    "object_repr": "test",
    "action_flag": 1,
    "change_message": "[{\"added\": {}}]"
  }
},
{
  "model": "admin.logentry",
  "pk": 21,
  "fields": {
    "action_time": "2020-05-22T09:39:22.272Z",
    "user": [
      "admin"
    ],
    "content_type": [
      "webapp",
      "news"
    ],
    "object_id": "4",
    "object_repr": "test",
    "action_flag": 1,
    "change_message": "[{\"added\": {}}]"
  }
},
{
  "model": "admin.logentry",
  "pk": 22,
  "fields": {
    "action_time": "2020-05-22T09:39:36.406Z",
    "user": [
      "admin"
    ],
    "content_type": [
      "webapp",
      "news"
    ],
    "object_id": "5",
    "object_repr": "test",
    "action_flag": 1,
    "change_message": "[{\"added\": {}}]"
  }
},
{
  "model": "admin.logentry",
  "pk": 23,
  "fields": {
    "action_time": "2020-05-22T09:39:48.417Z",
    "user": [
      "admin"
    ],
    "content_type": [
      "webapp",
      "news"
    ],
    "object_id": "6",
    "object_repr": "test",
    "action_flag": 1,
    "change_message": "[{\"added\": {}}]"
  }
},
{
  "model": "admin.logentry",
  "pk": 24,
  "fields": {
    "action_time": "2020-05-22T09:39:57.378Z",
    "user": [
      "admin"
    ],
    "content_type": [
      "webapp",
      "news"
    ],
    "object_id": "7",
    "object_repr": "test",
    "action_flag": 1,
    "change_message": "[{\"added\": {}}]"
  }
},
{
  "model": "admin.logentry",
  "pk": 25,
  "fields": {
    "action_time": "2020-05-22T10:02:59.331Z",
    "user": [
      "admin"
    ],
    "content_type": [
      "webapp",
      "category"
    ],
    "object_id": "1",
    "object_repr": "\u0411\u0443\u043c\u0430\u0436\u043d\u0430\u044f \u043f\u0440\u043e\u0434\u0443\u043a\u0446\u0438\u044f",
    "action_flag": 2,
    "change_message": "[{\"changed\": {\"fields\": [\"photo\"]}}]"
  }
},
{
  "model": "admin.logentry",
  "pk": 26,
  "fields": {
    "action_time": "2020-05-22T10:14:52Z",
    "user": [
      "admin"
    ],
    "content_type": [
      "webapp",
      "category"
    ],
    "object_id": "2",
    "object_repr": "\u0422\u043e\u0432\u0430\u0440\u044b \u0434\u043b\u044f \u0442\u0432\u043e\u0440\u0447\u0435\u0441\u0442\u0432\u0430",
    "action_flag": 2,
    "change_message": "[{\"changed\": {\"fields\": [\"photo\"]}}]"
  }
},
{
  "model": "admin.logentry",
  "pk": 27,
  "fields": {
    "action_time": "2020-05-22T10:14:59.747Z",
    "user": [
      "admin"
    ],
    "content_type": [
      "webapp",
      "category"
    ],
    "object_id": "2",
    "object_repr": "\u0422\u043e\u0432\u0430\u0440\u044b \u0434\u043b\u044f \u0442\u0432\u043e\u0440\u0447\u0435\u0441\u0442\u0432\u0430",
    "action_flag": 2,
    "change_message": "[{\"changed\": {\"fields\": [\"photo\"]}}]"
  }
},
{
  "model": "admin.logentry",
  "pk": 28,
  "fields": {
    "action_time": "2020-05-22T10:15:12.393Z",
    "user": [
      "admin"
    ],
    "content_type": [
      "webapp",
      "category"
    ],
    "object_id": "3",
    "object_repr": "\u041a\u0430\u043d\u0446\u0442\u043e\u0432\u0430\u0440\u044b",
    "action_flag": 2,
    "change_message": "[{\"changed\": {\"fields\": [\"photo\"]}}]"
  }
},
{
  "model": "admin.logentry",
  "pk": 29,
  "fields": {
    "action_time": "2020-05-22T10:15:47.420Z",
    "user": [
      "admin"
    ],
    "content_type": [
      "webapp",
      "category"
    ],
    "object_id": "4",
    "object_repr": "\u0425\u043e\u0437\u044f\u0439\u0441\u0442\u0432\u0435\u043d\u043d\u044b\u0435 \u0442\u043e\u0432\u0430\u0440\u044b",
    "action_flag": 2,
    "change_message": "[{\"changed\": {\"fields\": [\"photo\"]}}]"
  }
},
{
  "model": "admin.logentry",
  "pk": 30,
  "fields": {
    "action_time": "2020-05-22T10:16:19.614Z",
    "user": [
      "admin"
    ],
    "content_type": [
      "webapp",
      "category"
    ],
    "object_id": "5",
    "object_repr": "\u041a\u043e\u043c\u043f\u044c\u044e\u0442\u0435\u0440\u044b \u0438 \u043f\u0435\u0440\u0438\u0444\u0435\u0440\u0438\u044f",
    "action_flag": 2,
    "change_message": "[{\"changed\": {\"fields\": [\"photo\"]}}]"
  }
},
{
  "model": "admin.logentry",
  "pk": 31,
  "fields": {
    "action_time": "2020-05-22T10:16:27.369Z",
    "user": [
      "admin"
    ],
    "content_type": [
      "webapp",
      "category"
    ],
    "object_id": "7",
    "object_repr": "\u041a\u0430\u0440\u0442\u0440\u0438\u0434\u0436\u0438",
    "action_flag": 2,
    "change_message": "[{\"changed\": {\"fields\": [\"photo\"]}}]"
  }
},
{
  "model": "admin.logentry",
  "pk": 32,
  "fields": {
    "action_time": "2020-05-22T10:16:34.032Z",
    "user": [
      "admin"
    ],
    "content_type": [
      "webapp",
      "category"
    ],
    "object_id": "8",
    "object_repr": "\u0422\u043e\u0432\u0430\u0440\u044b \u0434\u043b\u044f \u0448\u043a\u043e\u043b\u044b",
    "action_flag": 2,
    "change_message": "[{\"changed\": {\"fields\": [\"photo\"]}}]"
  }
},
{
  "model": "admin.logentry",
  "pk": 33,
  "fields": {
    "action_time": "2020-05-22T10:16:43.556Z",
    "user": [
      "admin"
    ],
    "content_type": [
      "webapp",
      "category"
    ],
    "object_id": "9",
    "object_repr": "\u041e\u0444\u0438\u0441\u043d\u0430\u044f \u0442\u0435\u0445\u043d\u0438\u043a\u0430",
    "action_flag": 2,
    "change_message": "[{\"changed\": {\"fields\": [\"photo\"]}}]"
  }
},
{
  "model": "admin.logentry",
  "pk": 34,
  "fields": {
    "action_time": "2020-05-22T10:17:08.308Z",
    "user": [
      "admin"
    ],
    "content_type": [
      "webapp",
      "category"
    ],
    "object_id": "10",
    "object_repr": "\u041f\u043e\u0441\u0443\u0434\u0430 \u0438 \u0442\u0435\u043a\u0441\u0442\u0438\u043b\u044c",
    "action_flag": 2,
    "change_message": "[{\"changed\": {\"fields\": [\"photo\"]}}]"
  }
},
{
  "model": "admin.logentry",
  "pk": 35,
  "fields": {
    "action_time": "2020-05-22T10:17:15.757Z",
    "user": [
      "admin"
    ],
    "content_type": [
      "webapp",
      "category"
    ],
    "object_id": "11",
    "object_repr": "\u0422\u043e\u0432\u0430\u0440\u044b \u0434\u043b\u044f \u0442\u043e\u0440\u0433\u043e\u0432\u043b\u0438",
    "action_flag": 2,
    "change_message": "[{\"changed\": {\"fields\": [\"photo\"]}}]"
  }
},
{
  "model": "admin.logentry",
  "pk": 36,
  "fields": {
    "action_time": "2020-05-22T11:18:23.170Z",
    "user": [
      "admin"
    ],
    "content_type": [
      "webapp",
      "category"
    ],
    "object_id": "13",
    "object_repr": "Test",
    "action_flag": 3,
    "change_message": ""
  }
},
{
  "model": "admin.logentry",
  "pk": 37,
  "fields": {
    "action_time": "2020-05-22T11:18:32.086Z",
    "user": [
      "admin"
    ],
    "content_type": [
      "webapp",
      "category"
    ],
    "object_id": "1",
    "object_repr": "\u0411\u0443\u043c\u0430\u0436\u043d\u0430\u044f \u043f\u0440\u043e\u0434\u0443\u043a\u0446\u0438\u044f",
    "action_flag": 2,
    "change_message": "[{\"changed\": {\"fields\": [\"photo\"]}}]"
  }
},
{
  "model": "admin.logentry",
  "pk": 52,
  "fields": {
    "action_time": "2020-05-31T16:16:46.345Z",
    "user": [
      "admin"
    ],
    "content_type": [
      "webapp",
      "image"
    ],
    "object_id": "5",
    "object_repr": "Image object (5)",
    "action_flag": 1,
    "change_message": "[{\"added\": {}}]"
  }
},
{
  "model": "admin.logentry",
  "pk": 53,
  "fields": {
    "action_time": "2020-05-31T16:16:57.154Z",
    "user": [
      "admin"
    ],
    "content_type": [
      "webapp",
      "image"
    ],
    "object_id": "6",
    "object_repr": "Image object (6)",
    "action_flag": 1,
    "change_message": "[{\"added\": {}}]"
  }
},
{
  "model": "admin.logentry",
  "pk": 54,
  "fields": {
    "action_time": "2020-05-31T16:17:06.173Z",
    "user": [
      "admin"
    ],
    "content_type": [
      "webapp",
      "image"
    ],
    "object_id": "7",
    "object_repr": "Image object (7)",
    "action_flag": 1,
    "change_message": "[{\"added\": {}}]"
  }
},
{
  "model": "admin.logentry",
  "pk": 55,
  "fields": {
    "action_time": "2020-05-31T16:17:14.384Z",
    "user": [
      "admin"
    ],
    "content_type": [
      "webapp",
      "image"
    ],
    "object_id": "8",
    "object_repr": "Image object (8)",
    "action_flag": 1,
    "change_message": "[{\"added\": {}}]"
  }
},
{
  "model": "admin.logentry",
  "pk": 56,
  "fields": {
    "action_time": "2020-05-31T16:17:44.742Z",
    "user": [
      "admin"
    ],
    "content_type": [
      "webapp",
      "image"
    ],
    "object_id": "9",
    "object_repr": "Image object (9)",
    "action_flag": 1,
    "change_message": "[{\"added\": {}}]"
  }
},
{
  "model": "admin.logentry",
  "pk": 57,
  "fields": {
    "action_time": "2020-05-31T16:17:57.305Z",
    "user": [
      "admin"
    ],
    "content_type": [
      "webapp",
      "image"
    ],
    "object_id": "10",
    "object_repr": "Image object (10)",
    "action_flag": 1,
    "change_message": "[{\"added\": {}}]"
  }
},
{
  "model": "admin.logentry",
  "pk": 58,
  "fields": {
    "action_time": "2020-05-31T16:18:37.210Z",
    "user": [
      "admin"
    ],
    "content_type": [
      "webapp",
      "image"
    ],
    "object_id": "11",
    "object_repr": "Image object (11)",
    "action_flag": 1,
    "change_message": "[{\"added\": {}}]"
  }
},
{
  "model": "admin.logentry",
  "pk": 59,
  "fields": {
    "action_time": "2020-05-31T16:19:11.467Z",
    "user": [
      "admin"
    ],
    "content_type": [
      "webapp",
      "image"
    ],
    "object_id": "12",
    "object_repr": "Image object (12)",
    "action_flag": 1,
    "change_message": "[{\"added\": {}}]"
  }
},
{
  "model": "admin.logentry",
  "pk": 60,
  "fields": {
    "action_time": "2020-05-31T16:19:20.391Z",
    "user": [
      "admin"
    ],
    "content_type": [
      "webapp",
      "image"
    ],
    "object_id": "13",
    "object_repr": "Image object (13)",
    "action_flag": 1,
    "change_message": "[{\"added\": {}}]"
  }
},
{
  "model": "admin.logentry",
  "pk": 61,
  "fields": {
    "action_time": "2020-05-31T16:19:31.997Z",
    "user": [
      "admin"
    ],
    "content_type": [
      "webapp",
      "image"
    ],
    "object_id": "14",
    "object_repr": "Image object (14)",
    "action_flag": 1,
    "change_message": "[{\"added\": {}}]"
  }
},
{
  "model": "admin.logentry",
  "pk": 62,
  "fields": {
    "action_time": "2020-05-31T16:19:42.718Z",
    "user": [
      "admin"
    ],
    "content_type": [
      "webapp",
      "image"
    ],
    "object_id": "15",
    "object_repr": "Image object (15)",
    "action_flag": 1,
    "change_message": "[{\"added\": {}}]"
  }
},
{
  "model": "admin.logentry",
  "pk": 63,
  "fields": {
    "action_time": "2020-05-31T16:19:52.523Z",
    "user": [
      "admin"
    ],
    "content_type": [
      "webapp",
      "image"
    ],
    "object_id": "16",
    "object_repr": "Image object (16)",
    "action_flag": 1,
    "change_message": "[{\"added\": {}}]"
  }
},
{
  "model": "admin.logentry",
  "pk": 64,
  "fields": {
    "action_time": "2020-05-31T16:20:07.280Z",
    "user": [
      "admin"
    ],
    "content_type": [
      "webapp",
      "image"
    ],
    "object_id": "17",
    "object_repr": "Image object (17)",
    "action_flag": 1,
    "change_message": "[{\"added\": {}}]"
  }
},
{
  "model": "admin.logentry",
  "pk": 65,
  "fields": {
    "action_time": "2020-05-31T16:20:16.819Z",
    "user": [
      "admin"
    ],
    "content_type": [
      "webapp",
      "image"
    ],
    "object_id": "18",
    "object_repr": "Image object (18)",
    "action_flag": 1,
    "change_message": "[{\"added\": {}}]"
  }
},
{
  "model": "admin.logentry",
  "pk": 66,
  "fields": {
    "action_time": "2020-05-31T16:20:24.851Z",
    "user": [
      "admin"
    ],
    "content_type": [
      "webapp",
      "image"
    ],
    "object_id": "19",
    "object_repr": "Image object (19)",
    "action_flag": 1,
    "change_message": "[{\"added\": {}}]"
  }
},
{
  "model": "admin.logentry",
  "pk": 67,
  "fields": {
    "action_time": "2020-05-31T16:20:32.011Z",
    "user": [
      "admin"
    ],
    "content_type": [
      "webapp",
      "image"
    ],
    "object_id": "20",
    "object_repr": "Image object (20)",
    "action_flag": 1,
    "change_message": "[{\"added\": {}}]"
  }
},
{
  "model": "admin.logentry",
  "pk": 68,
  "fields": {
    "action_time": "2020-05-31T16:20:40.189Z",
    "user": [
      "admin"
    ],
    "content_type": [
      "webapp",
      "image"
    ],
    "object_id": "21",
    "object_repr": "Image object (21)",
    "action_flag": 1,
    "change_message": "[{\"added\": {}}]"
  }
},
{
  "model": "admin.logentry",
  "pk": 69,
  "fields": {
    "action_time": "2020-06-05T06:19:50.287Z",
    "user": [
      "admin"
    ],
    "content_type": [
      "webapp",
      "tag"
    ],
    "object_id": "3",
    "object_repr": "tyuu",
    "action_flag": 3,
    "change_message": ""
  }
},
{
  "model": "admin.logentry",
  "pk": 70,
  "fields": {
    "action_time": "2020-06-05T06:19:50.299Z",
    "user": [
      "admin"
    ],
    "content_type": [
      "webapp",
      "tag"
    ],
    "object_id": "2",
    "object_repr": "gfr",
    "action_flag": 3,
    "change_message": ""
  }
},
{
  "model": "admin.logentry",
  "pk": 71,
  "fields": {
    "action_time": "2020-06-05T06:19:50.302Z",
    "user": [
      "admin"
    ],
    "content_type": [
      "webapp",
      "tag"
    ],
    "object_id": "1",
    "object_repr": "test",
    "action_flag": 3,
    "change_message": ""
  }
},
{
  "model": "admin.logentry",
  "pk": 72,
  "fields": {
    "action_time": "2020-06-05T06:19:57.082Z",
    "user": [
      "admin"
    ],
    "content_type": [
      "webapp",
      "tag"
    ],
    "object_id": "4",
    "object_repr": "dodo",
    "action_flag": 3,
    "change_message": ""
  }
},
{
  "model": "admin.logentry",
  "pk": 73,
  "fields": {
    "action_time": "2020-06-05T06:20:22.998Z",
    "user": [
      "admin"
    ],
    "content_type": [
      "webapp",
      "product"
    ],
    "object_id": "22",
    "object_repr": "dodo",
    "action_flag": 3,
    "change_message": ""
  }
},
{
  "model": "admin.logentry",
  "pk": 74,
  "fields": {
    "action_time": "2020-06-05T06:20:23.009Z",
    "user": [
      "admin"
    ],
    "content_type": [
      "webapp",
      "product"
    ],
    "object_id": "21",
    "object_repr": "uyyutiukjhb",
    "action_flag": 3,
    "change_message": ""
  }
},
{
  "model": "admin.logentry",
  "pk": 75,
  "fields": {
    "action_time": "2020-06-05T06:20:23.013Z",
    "user": [
      "admin"
    ],
    "content_type": [
      "webapp",
      "product"
    ],
    "object_id": "20",
    "object_repr": "testtest",
    "action_flag": 3,
    "change_message": ""
  }
},
{
  "model": "admin.logentry",
  "pk": 76,
  "fields": {
    "action_time": "2020-06-05T06:20:23.016Z",
    "user": [
      "admin"
    ],
    "content_type": [
      "webapp",
      "product"
    ],
    "object_id": "19",
    "object_repr": "testtest",
    "action_flag": 3,
    "change_message": ""
  }
},
{
  "model": "admin.logentry",
  "pk": 77,
  "fields": {
    "action_time": "2020-06-05T06:20:23.018Z",
    "user": [
      "admin"
    ],
    "content_type": [
      "webapp",
      "product"
    ],
    "object_id": "18",
    "object_repr": "test000",
    "action_flag": 3,
    "change_message": ""
  }
},
{
  "model": "admin.logentry",
  "pk": 78,
  "fields": {
    "action_time": "2020-06-05T06:20:23.020Z",
    "user": [
      "admin"
    ],
    "content_type": [
      "webapp",
      "product"
    ],
    "object_id": "17",
    "object_repr": "test000",
    "action_flag": 3,
    "change_message": ""
  }
},
{
  "model": "admin.logentry",
  "pk": 79,
  "fields": {
    "action_time": "2020-06-05T06:20:23.022Z",
    "user": [
      "admin"
    ],
    "content_type": [
      "webapp",
      "product"
    ],
    "object_id": "16",
    "object_repr": "test5",
    "action_flag": 3,
    "change_message": ""
  }
},
{
  "model": "admin.logentry",
  "pk": 80,
  "fields": {
    "action_time": "2020-06-05T06:20:23.024Z",
    "user": [
      "admin"
    ],
    "content_type": [
      "webapp",
      "product"
    ],
    "object_id": "15",
    "object_repr": "test5",
    "action_flag": 3,
    "change_message": ""
  }
},
{
  "model": "admin.logentry",
  "pk": 81,
  "fields": {
    "action_time": "2020-06-05T06:20:23.025Z",
    "user": [
      "admin"
    ],
    "content_type": [
      "webapp",
      "product"
    ],
    "object_id": "14",
    "object_repr": "test5",
    "action_flag": 3,
    "change_message": ""
  }
},
{
  "model": "admin.logentry",
  "pk": 82,
  "fields": {
    "action_time": "2020-06-05T06:20:23.027Z",
    "user": [
      "admin"
    ],
    "content_type": [
      "webapp",
      "product"
    ],
    "object_id": "13",
    "object_repr": "test4",
    "action_flag": 3,
    "change_message": ""
  }
},
{
  "model": "admin.logentry",
  "pk": 83,
  "fields": {
    "action_time": "2020-06-05T06:20:23.029Z",
    "user": [
      "admin"
    ],
    "content_type": [
      "webapp",
      "product"
    ],
    "object_id": "12",
    "object_repr": "test3",
    "action_flag": 3,
    "change_message": ""
  }
},
{
  "model": "admin.logentry",
  "pk": 84,
  "fields": {
    "action_time": "2020-06-05T06:20:23.031Z",
    "user": [
      "admin"
    ],
    "content_type": [
      "webapp",
      "product"
    ],
    "object_id": "11",
    "object_repr": "test3",
    "action_flag": 3,
    "change_message": ""
  }
},
{
  "model": "admin.logentry",
  "pk": 85,
  "fields": {
    "action_time": "2020-06-05T06:20:23.033Z",
    "user": [
      "admin"
    ],
    "content_type": [
      "webapp",
      "product"
    ],
    "object_id": "10",
    "object_repr": "test",
    "action_flag": 3,
    "change_message": ""
  }
},
{
  "model": "admin.logentry",
  "pk": 86,
  "fields": {
    "action_time": "2020-06-11T08:49:03.861Z",
    "user": [
      "admin"
    ],
    "content_type": [
      "webapp",
      "product"
    ],
    "object_id": "9",
    "object_repr": "\u0422\u0435\u0442\u0440\u0430\u0434\u0438",
    "action_flag": 2,
    "change_message": "[{\"changed\": {\"fields\": [\"description\"]}}]"
  }
},
{
  "model": "admin.logentry",
  "pk": 87,
  "fields": {
    "action_time": "2020-06-11T08:49:25.152Z",
    "user": [
      "admin"
    ],
    "content_type": [
      "webapp",
      "product"
    ],
    "object_id": "8",
    "object_repr": "\u0422\u0435\u0442\u0440\u0430\u0434\u0438",
    "action_flag": 2,
    "change_message": "[{\"changed\": {\"fields\": [\"description\"]}}]"
  }
},
{
  "model": "admin.logentry",
  "pk": 88,
  "fields": {
    "action_time": "2020-06-11T08:50:04.061Z",
    "user": [
      "admin"
    ],
    "content_type": [
      "webapp",
      "product"
    ],
    "object_id": "7",
    "object_repr": "\u041f\u043b\u0430\u0441\u0442\u0438\u043b\u0438\u043d",
    "action_flag": 2,
    "change_message": "[{\"changed\": {\"fields\": [\"description\"]}}]"
  }
},
{
  "model": "admin.logentry",
  "pk": 89,
  "fields": {
    "action_time": "2020-06-11T08:50:11.608Z",
    "user": [
      "admin"
    ],
    "content_type": [
      "webapp",
      "product"
    ],
    "object_id": "6",
    "object_repr": "\u041f\u043b\u0430\u0441\u0442\u0438\u043b\u0438\u043d",
    "action_flag": 2,
    "change_message": "[{\"changed\": {\"fields\": [\"description\"]}}]"
  }
},
{
  "model": "admin.logentry",
  "pk": 90,
  "fields": {
    "action_time": "2020-06-11T08:54:23.152Z",
    "user": [
      "admin"
    ],
    "content_type": [
      "webapp",
      "product"
    ],
    "object_id": "5",
    "object_repr": "\u041a\u0440\u0430\u0441\u043a\u0438",
    "action_flag": 2,
    "change_message": "[{\"changed\": {\"fields\": [\"description\"]}}]"
  }
},
{
  "model": "admin.logentry",
  "pk": 91,
  "fields": {
    "action_time": "2020-06-11T08:55:05.174Z",
    "user": [
      "admin"
    ],
    "content_type": [
      "webapp",
      "product"
    ],
    "object_id": "4",
    "object_repr": "\u0411\u0443\u043c\u0430\u0433\u0430",
    "action_flag": 2,
    "change_message": "[{\"changed\": {\"fields\": [\"description\"]}}]"
  }
},
{
  "model": "admin.logentry",
  "pk": 92,
  "fields": {
    "action_time": "2020-06-11T08:55:10.006Z",
    "user": [
      "admin"
    ],
    "content_type": [
      "webapp",
      "product"
    ],
    "object_id": "3",
    "object_repr": "\u0411\u0443\u043c\u0430\u0433\u0430 \u0421\u043d\u0435\u0433\u0443\u0440\u043e\u0447\u043a\u0430",
    "action_flag": 2,
    "change_message": "[{\"changed\": {\"fields\": [\"description\"]}}]"
  }
},
{
  "model": "admin.logentry",
  "pk": 93,
  "fields": {
    "action_time": "2020-06-11T08:55:37.992Z",
    "user": [
      "admin"
    ],
    "content_type": [
      "webapp",
      "product"
    ],
    "object_id": "2",
    "object_repr": "\u041a\u0430\u0440\u0430\u043d\u0434\u0430\u0448",
    "action_flag": 2,
    "change_message": "[{\"changed\": {\"fields\": [\"description\"]}}]"
  }
},
{
  "model": "admin.logentry",
  "pk": 94,
  "fields": {
    "action_time": "2020-06-11T08:55:43.046Z",
    "user": [
      "admin"
    ],
    "content_type": [
      "webapp",
      "product"
    ],
    "object_id": "1",
    "object_repr": "\u041a\u0430\u0440\u0430\u043d\u0434\u0430\u0448",
    "action_flag": 2,
    "change_message": "[{\"changed\": {\"fields\": [\"description\"]}}]"
  }
},
{
  "model": "admin.logentry",
  "pk": 95,
  "fields": {
    "action_time": "2020-06-12T09:47:58.844Z",
    "user": [
      "admin"
    ],
    "content_type": [
      "webapp",
      "product"
    ],
    "object_id": "9",
    "object_repr": "\u0422\u0435\u0442\u0440\u0430\u0434\u0438",
    "action_flag": 2,
    "change_message": "[{\"changed\": {\"fields\": [\"quantity\", \"brand\"]}}]"
  }
},
{
  "model": "admin.logentry",
  "pk": 96,
  "fields": {
    "action_time": "2020-06-12T09:48:21.784Z",
    "user": [
      "admin"
    ],
    "content_type": [
      "webapp",
      "product"
    ],
    "object_id": "8",
    "object_repr": "\u0422\u0435\u0442\u0440\u0430\u0434\u0438",
    "action_flag": 2,
    "change_message": "[{\"changed\": {\"fields\": [\"color\", \"quantity\", \"brand\"]}}]"
  }
},
{
  "model": "admin.logentry",
  "pk": 97,
  "fields": {
    "action_time": "2020-06-12T09:48:32.969Z",
    "user": [
      "admin"
    ],
    "content_type": [
      "webapp",
      "product"
    ],
    "object_id": "7",
    "object_repr": "\u041f\u043b\u0430\u0441\u0442\u0438\u043b\u0438\u043d",
    "action_flag": 2,
    "change_message": "[{\"changed\": {\"fields\": [\"quantity\", \"brand\"]}}]"
  }
},
{
  "model": "admin.logentry",
  "pk": 98,
  "fields": {
    "action_time": "2020-06-12T09:48:47.705Z",
    "user": [
      "admin"
    ],
    "content_type": [
      "webapp",
      "product"
    ],
    "object_id": "6",
    "object_repr": "\u041f\u043b\u0430\u0441\u0442\u0438\u043b\u0438\u043d",
    "action_flag": 2,
    "change_message": "[{\"changed\": {\"fields\": [\"quantity\", \"brand\"]}}]"
  }
},
{
  "model": "admin.logentry",
  "pk": 99,
  "fields": {
    "action_time": "2020-06-12T09:49:01.058Z",
    "user": [
      "admin"
    ],
    "content_type": [
      "webapp",
      "product"
    ],
    "object_id": "5",
    "object_repr": "\u041a\u0440\u0430\u0441\u043a\u0438",
    "action_flag": 2,
    "change_message": "[{\"changed\": {\"fields\": [\"quantity\", \"brand\"]}}]"
  }
},
{
  "model": "admin.logentry",
  "pk": 100,
  "fields": {
    "action_time": "2020-06-12T09:49:19.387Z",
    "user": [
      "admin"
    ],
    "content_type": [
      "webapp",
      "product"
    ],
    "object_id": "4",
    "object_repr": "\u0411\u0443\u043c\u0430\u0433\u0430",
    "action_flag": 2,
    "change_message": "[{\"changed\": {\"fields\": [\"quantity\"]}}]"
  }
},
{
  "model": "admin.logentry",
  "pk": 101,
  "fields": {
    "action_time": "2020-06-12T09:49:34.068Z",
    "user": [
      "admin"
    ],
    "content_type": [
      "webapp",
      "product"
    ],
    "object_id": "3",
    "object_repr": "\u0411\u0443\u043c\u0430\u0433\u0430 \u0421\u043d\u0435\u0433\u0443\u0440\u043e\u0447\u043a\u0430",
    "action_flag": 2,
    "change_message": "[{\"changed\": {\"fields\": [\"color\", \"quantity\"]}}]"
  }
},
{
  "model": "admin.logentry",
  "pk": 102,
  "fields": {
    "action_time": "2020-06-12T09:50:03.669Z",
    "user": [
      "admin"
    ],
    "content_type": [
      "webapp",
      "product"
    ],
    "object_id": "2",
    "object_repr": "\u041a\u0430\u0440\u0430\u043d\u0434\u0430\u0448",
    "action_flag": 2,
    "change_message": "[{\"changed\": {\"fields\": [\"color\", \"quantity\", \"brand\"]}}]"
  }
},
{
  "model": "admin.logentry",
  "pk": 103,
  "fields": {
    "action_time": "2020-06-12T09:50:19.876Z",
    "user": [
      "admin"
    ],
    "content_type": [
      "webapp",
      "product"
    ],
    "object_id": "1",
    "object_repr": "\u041a\u0430\u0440\u0430\u043d\u0434\u0430\u0448",
    "action_flag": 2,
    "change_message": "[{\"changed\": {\"fields\": [\"quantity\", \"brand\"]}}]"
  }
}
]
