[
{
  "model": "auth.user",
  "fields": {
    "password": "pbkdf2_sha256$150000$uSFUOF4e7Zf3$vrIYIWOGUY5ss0MB5sKCnpScwXPnoVKyNpf7OR7awyo=",
    "last_login": "2020-06-11T08:20:35Z",
    "is_superuser": true,
    "username": "admin",
    "first_name": "Admin",
    "last_name": "Adminovich",
    "email": "admin@gmail.com",
    "is_staff": true,
    "is_active": true,
    "date_joined": "2020-04-26T13:55:42Z",
    "groups": [],
    "user_permissions": []
  }
},
{
  "model": "auth.user",
  "fields": {
    "password": "pbkdf2_sha256$150000$smr92szKLsbS$UTd98dmaYwbPOSCLnIH3a7cCH9vqZbaEKMrtK9Voc78=",
    "last_login": null,
    "is_superuser": false,
    "username": "user1",
    "first_name": "Vasya",
    "last_name": "Pupkin",
    "email": "vasya@mail.ru",
    "is_staff": false,
    "is_active": false,
    "date_joined": "2020-06-15T07:15:28.071Z",
    "groups": [],
    "user_permissions": []
  }
},
{
  "model": "auth.user",
  "fields": {
    "password": "pbkdf2_sha256$150000$hfdg8iSwOBiA$UsdnUeSYHby7lhK3O3bJr5BYFPTXHd+eGwKjOL92HoU=",
    "last_login": null,
    "is_superuser": false,
    "username": "user2",
    "first_name": "Vasya",
    "last_name": "Pupkin",
    "email": "vasya2@mail.ru",
    "is_staff": false,
    "is_active": false,
    "date_joined": "2020-06-15T07:19:17.635Z",
    "groups": [],
    "user_permissions": []
  }
},
{
  "model": "sessions.session",
  "pk": "5ur4ii2hvrwoi15pzzf5uw5s5v737iun",
  "fields": {
    "session_data": "Mzg3MzA0NWM2NDZhYTJjZTRkOGRmMjNiOWQ2MDRmNGM0ZGI5NzM4YTp7Il9hdXRoX3VzZXJfaWQiOiIxIiwiX2F1dGhfdXNlcl9iYWNrZW5kIjoiZGphbmdvLmNvbnRyaWIuYXV0aC5iYWNrZW5kcy5Nb2RlbEJhY2tlbmQiLCJfYXV0aF91c2VyX2hhc2giOiIxY2MxYWE2ZGNlNDkxZWMzMDhhMWNiNDNmZTQ2MzFhNjgzMDlmYzc1In0=",
    "expire_date": "2020-06-03T13:10:03.626Z"
  }
},
{
  "model": "sessions.session",
  "pk": "ffu00jmwrfpprdl86u0x14so18jr2n81",
  "fields": {
    "session_data": "Mzg3MzA0NWM2NDZhYTJjZTRkOGRmMjNiOWQ2MDRmNGM0ZGI5NzM4YTp7Il9hdXRoX3VzZXJfaWQiOiIxIiwiX2F1dGhfdXNlcl9iYWNrZW5kIjoiZGphbmdvLmNvbnRyaWIuYXV0aC5iYWNrZW5kcy5Nb2RlbEJhY2tlbmQiLCJfYXV0aF91c2VyX2hhc2giOiIxY2MxYWE2ZGNlNDkxZWMzMDhhMWNiNDNmZTQ2MzFhNjgzMDlmYzc1In0=",
    "expire_date": "2020-07-03T06:04:40.378Z"
  }
},
{
  "model": "sessions.session",
  "pk": "je2h2fmcl25ptacop1gawh58pivqp4bt",
  "fields": {
    "session_data": "Mzg3MzA0NWM2NDZhYTJjZTRkOGRmMjNiOWQ2MDRmNGM0ZGI5NzM4YTp7Il9hdXRoX3VzZXJfaWQiOiIxIiwiX2F1dGhfdXNlcl9iYWNrZW5kIjoiZGphbmdvLmNvbnRyaWIuYXV0aC5iYWNrZW5kcy5Nb2RlbEJhY2tlbmQiLCJfYXV0aF91c2VyX2hhc2giOiIxY2MxYWE2ZGNlNDkxZWMzMDhhMWNiNDNmZTQ2MzFhNjgzMDlmYzc1In0=",
    "expire_date": "2020-06-09T21:46:19.186Z"
  }
},
{
  "model": "sessions.session",
  "pk": "l6zx1dfzs6y7jf52dd8uhw6yfcudtqr4",
  "fields": {
    "session_data": "Mzg3MzA0NWM2NDZhYTJjZTRkOGRmMjNiOWQ2MDRmNGM0ZGI5NzM4YTp7Il9hdXRoX3VzZXJfaWQiOiIxIiwiX2F1dGhfdXNlcl9iYWNrZW5kIjoiZGphbmdvLmNvbnRyaWIuYXV0aC5iYWNrZW5kcy5Nb2RlbEJhY2tlbmQiLCJfYXV0aF91c2VyX2hhc2giOiIxY2MxYWE2ZGNlNDkxZWMzMDhhMWNiNDNmZTQ2MzFhNjgzMDlmYzc1In0=",
    "expire_date": "2020-05-16T13:36:35.356Z"
  }
},
{
  "model": "sessions.session",
  "pk": "vwrsrvf9zuzw4qqigrdjypaeq86rbtpj",
  "fields": {
    "session_data": "YzIxNDc5M2I0MjM2ZTNmNjc4NWMzMGJjYTgyYmI0NDM2NjNjZWYxNzp7Il9hdXRoX3VzZXJfaWQiOiIxIiwiX2F1dGhfdXNlcl9iYWNrZW5kIjoiZGphbmdvLmNvbnRyaWIuYXV0aC5iYWNrZW5kcy5Nb2RlbEJhY2tlbmQiLCJfYXV0aF91c2VyX2hhc2giOiIxY2MxYWE2ZGNlNDkxZWMzMDhhMWNiNDNmZTQ2MzFhNjgzMDlmYzc1IiwicHJvZHVjdHMiOltdLCJwcm9kdWN0c19jb3VudCI6MH0=",
    "expire_date": "2020-07-01T09:12:41.460Z"
  }
},
{
  "model": "webapp.category",
  "pk": 1,
  "fields": {
    "category_name": "\u0411\u0443\u043c\u0430\u0436\u043d\u0430\u044f \u043f\u0440\u043e\u0434\u0443\u043a\u0446\u0438\u044f",
    "photo": "category_images/bum-izdelia_nQT7gWi.png"
  }
},
{
  "model": "webapp.category",
  "pk": 2,
  "fields": {
    "category_name": "\u0422\u043e\u0432\u0430\u0440\u044b \u0434\u043b\u044f \u0442\u0432\u043e\u0440\u0447\u0435\u0441\u0442\u0432\u0430",
    "photo": "category_images/child.png"
  }
},
{
  "model": "webapp.category",
  "pk": 3,
  "fields": {
    "category_name": "\u041a\u0430\u043d\u0446\u0442\u043e\u0432\u0430\u0440\u044b",
    "photo": "category_images/kanc.png"
  }
},
{
  "model": "webapp.category",
  "pk": 4,
  "fields": {
    "category_name": "\u0425\u043e\u0437\u044f\u0439\u0441\u0442\u0432\u0435\u043d\u043d\u044b\u0435 \u0442\u043e\u0432\u0430\u0440\u044b",
    "photo": "category_images/hoz.png"
  }
},
{
  "model": "webapp.category",
  "pk": 5,
  "fields": {
    "category_name": "\u041a\u043e\u043c\u043f\u044c\u044e\u0442\u0435\u0440\u044b \u0438 \u043f\u0435\u0440\u0438\u0444\u0435\u0440\u0438\u044f",
    "photo": "category_images/kanc_RGjD43H.png"
  }
},
{
  "model": "webapp.category",
  "pk": 7,
  "fields": {
    "category_name": "\u041a\u0430\u0440\u0442\u0440\u0438\u0434\u0436\u0438",
    "photo": "category_images/hoz_q9MlKRM.png"
  }
},
{
  "model": "webapp.category",
  "pk": 8,
  "fields": {
    "category_name": "\u0422\u043e\u0432\u0430\u0440\u044b \u0434\u043b\u044f \u0448\u043a\u043e\u043b\u044b",
    "photo": "category_images/child_9vNh743.png"
  }
},
{
  "model": "webapp.category",
  "pk": 9,
  "fields": {
    "category_name": "\u041e\u0444\u0438\u0441\u043d\u0430\u044f \u0442\u0435\u0445\u043d\u0438\u043a\u0430",
    "photo": "category_images/hoz_09CBgMR.png"
  }
},
{
  "model": "webapp.category",
  "pk": 10,
  "fields": {
    "category_name": "\u041f\u043e\u0441\u0443\u0434\u0430 \u0438 \u0442\u0435\u043a\u0441\u0442\u0438\u043b\u044c",
    "photo": "category_images/hoz_wIg5dx9.png"
  }
},
{
  "model": "webapp.category",
  "pk": 11,
  "fields": {
    "category_name": "\u0422\u043e\u0432\u0430\u0440\u044b \u0434\u043b\u044f \u0442\u043e\u0440\u0433\u043e\u0432\u043b\u0438",
    "photo": "category_images/hoz_5r1ljaf.png"
  }
},
{
  "model": "webapp.category",
  "pk": 12,
  "fields": {
    "category_name": "\u0423\u0446\u0435\u043d\u0435\u043d\u043d\u044b\u0435 \u0442\u043e\u0432\u0430\u0440\u044b",
    "photo": ""
  }
},
{
  "model": "webapp.category",
  "pk": 14,
  "fields": {
    "category_name": "\u0411\u0443\u043c\u0430\u0436\u043d\u0430\u044f \u043f\u0440\u043e\u0434\u0443\u043a\u0446\u0438\u044f",
    "photo": ""
  }
},
{
  "model": "webapp.subcategory",
  "pk": 1,
  "fields": {
    "sub_name": "\u0411\u0443\u043c\u0430\u0433\u0430 \u04304",
    "category": 1
  }
},
{
  "model": "webapp.subcategory",
  "pk": 2,
  "fields": {
    "sub_name": "\u0411\u0443\u043c\u0430\u0433\u0430 \u04303",
    "category": 1
  }
},
{
  "model": "webapp.subcategory",
  "pk": 3,
  "fields": {
    "sub_name": "\u041a\u0438\u0441\u0442\u0438",
    "category": 2
  }
},
{
  "model": "webapp.subcategory",
  "pk": 4,
  "fields": {
    "sub_name": "\u041c\u043e\u043b\u044c\u0431\u0435\u0440\u0442\u044b",
    "category": 2
  }
},
{
  "model": "webapp.subcategory",
  "pk": 5,
  "fields": {
    "sub_name": "\u0420\u044e\u043a\u0437\u0430\u043a",
    "category": 8
  }
},
{
  "model": "webapp.subcategory",
  "pk": 6,
  "fields": {
    "sub_name": "\u041f\u0440\u0438\u043d\u0442\u0435\u0440\u044b",
    "category": 9
  }
},
{
  "model": "webapp.subcategory",
  "pk": 7,
  "fields": {
    "sub_name": "\u041a\u043e\u043f\u0438\u0440\u043e\u0432\u0430\u043b\u044c\u043d\u044b\u0435 \u043c\u0430\u0448\u0438\u043d\u044b",
    "category": 9
  }
},
{
  "model": "webapp.subcategory",
  "pk": 8,
  "fields": {
    "sub_name": "\u0412\u0435\u0434\u0440\u0430",
    "category": 4
  }
},
{
  "model": "webapp.subcategory",
  "pk": 21,
  "fields": {
    "sub_name": "\u0411\u0443\u043c\u0430\u0433\u0430 \u04105",
    "category": 1
  }
},
{
  "model": "webapp.brand",
  "pk": 2,
  "fields": {
    "brand_name": "Bic",
    "photo": "brand_images/orig.jpg"
  }
},
{
  "model": "webapp.brand",
  "pk": 3,
  "fields": {
    "brand_name": "\u041b\u0443\u0447",
    "photo": "brand_images/Unknown.jpg"
  }
},
{
  "model": "webapp.brand",
  "pk": 4,
  "fields": {
    "brand_name": "\u0413\u0430\u043c\u043c\u0430",
    "photo": "brand_images/orig.png"
  }
},
{
  "model": "webapp.brand",
  "pk": 5,
  "fields": {
    "brand_name": "Faber-castell",
    "photo": "brand_images/faber_sastell.png"
  }
},
{
  "model": "webapp.brand",
  "pk": 6,
  "fields": {
    "brand_name": "Erichkrause",
    "photo": "brand_images/scale_1200.png"
  }
},
{
  "model": "webapp.tag",
  "pk": 5,
  "fields": {
    "name": "crayon",
    "created_at": "2020-06-05T06:27:57.288Z"
  }
},
{
  "model": "webapp.tag",
  "pk": 6,
  "fields": {
    "name": "\u0442\u0432\u043e\u0440\u0447\u0435\u0441\u0442\u0432\u043e",
    "created_at": "2020-06-05T06:27:57.302Z"
  }
},
{
  "model": "webapp.tag",
  "pk": 7,
  "fields": {
    "name": "\u0445\u0443\u0434\u043e\u0436\u043d\u0438\u043a",
    "created_at": "2020-06-05T06:27:57.309Z"
  }
},
{
  "model": "webapp.tag",
  "pk": 8,
  "fields": {
    "name": "\u0446\u0435\u043b\u043b\u044e\u043b\u043e\u0437\u0430",
    "created_at": "2020-06-05T10:14:23.338Z"
  }
},
{
  "model": "webapp.tag",
  "pk": 9,
  "fields": {
    "name": "\u0431\u0435\u043b\u044b\u0439",
    "created_at": "2020-06-05T10:14:23.370Z"
  }
},
{
  "model": "webapp.tag",
  "pk": 10,
  "fields": {
    "name": "\u0440\u0443\u0447\u043a\u0430",
    "created_at": "2020-06-12T10:17:27.622Z"
  }
},
{
  "model": "webapp.product",
  "pk": 1,
  "fields": {
    "name": "\u041a\u0430\u0440\u0430\u043d\u0434\u0430\u0448",
    "category": 2,
    "price": "200.00",
    "in_stock": true,
    "description": "\u0418\u043d\u0441\u0442\u0440\u0443\u043c\u0435\u043d\u0442 \u0432 \u0432\u0438\u0434\u0435 \u0441\u0442\u0435\u0440\u0436\u043d\u044f, \u0438\u0437\u0433\u043e\u0442\u0430\u0432\u043b\u0438\u0432\u0430\u0435\u043c\u043e\u0433\u043e \u0438\u0437 \u043f\u0438\u0448\u0443\u0449\u0435\u0433\u043e \u043c\u0430\u0442\u0435\u0440\u0438\u0430\u043b\u0430 (\u0443\u0433\u043b\u044f, \u0433\u0440\u0430\u0444\u0438\u0442\u0430, \u0441\u0443\u0445\u0438\u0445 \u043a\u0440\u0430\u0441\u043e\u043a \u0438 \u0442\u043e\u043c\u0443 \u043f\u043e\u0434\u043e\u0431\u043d\u043e\u0433\u043e), \u043f\u0440\u0438\u043c\u0435\u043d\u044f\u0435\u043c\u044b\u0439 \u0434\u043b\u044f \u043f\u0438\u0441\u044c\u043c\u0430, \u0440\u0438\u0441\u043e\u0432\u0430\u043d\u0438\u044f, \u0447\u0435\u0440\u0447\u0435\u043d\u0438\u044f, \u043c\u0430\u0440\u043a\u0438\u0440\u043e\u0432\u043a\u0438, \u0440\u0430\u0437\u043c\u0435\u0442\u043a\u0438 (\u0432 \u0441\u0442\u0440\u043e\u0438\u0442\u0435\u043b\u044c\u0441\u0442\u0432\u0435 \u0438 \u043d\u0430 \u043f\u0440\u043e\u0438\u0437\u0432\u043e\u0434\u0441\u0442\u0432\u0435), \u0430 \u0442\u0430\u043a\u0436\u0435 \u0432 \u043a\u043e\u0441\u043c\u0435\u0442\u0438\u0447\u0435\u0441\u043a\u0438\u0445 \u0438 \u0434\u0440\u0443\u0433\u0438\u0445 \u043f\u043e\u0445\u043e\u0436\u0438\u0445 \u0446\u0435\u043b\u044f\u0445. \u0427\u0430\u0441\u0442\u043e, \u0432 \u0446\u0435\u043b\u044f\u0445 \u0443\u0434\u043e\u0431\u0441\u0442\u0432\u0430, \u043f\u0438\u0448\u0443\u0449\u0438\u0439 \u0441\u0442\u0435\u0440\u0436\u0435\u043d\u044c \u043a\u0430\u0440\u0430\u043d\u0434\u0430\u0448\u0430 \u0432\u0441\u0442\u0430\u0432\u043b\u044f\u0435\u0442\u0441\u044f \u0432 \u0441\u043f\u0435\u0446\u0438\u0430\u043b\u044c\u043d\u0443\u044e \u043e\u043f\u0440\u0430\u0432\u0443.",
    "discount": null,
    "date": "2020-04-29T11:41:22Z",
    "quantity": 199,
    "brand": 5,
    "offer": false,
    "tags": [
      5,
      6,
      7
    ]
  }
},
{
  "model": "webapp.product",
  "pk": 2,
  "fields": {
    "name": "\u041a\u0430\u0440\u0430\u043d\u0434\u0430\u0448",
    "category": 2,
    "price": "150.00",
    "in_stock": true,
    "description": "\u0418\u043d\u0441\u0442\u0440\u0443\u043c\u0435\u043d\u0442 \u0432 \u0432\u0438\u0434\u0435 \u0441\u0442\u0435\u0440\u0436\u043d\u044f, \u0438\u0437\u0433\u043e\u0442\u0430\u0432\u043b\u0438\u0432\u0430\u0435\u043c\u043e\u0433\u043e \u0438\u0437 \u043f\u0438\u0448\u0443\u0449\u0435\u0433\u043e \u043c\u0430\u0442\u0435\u0440\u0438\u0430\u043b\u0430 (\u0443\u0433\u043b\u044f, \u0433\u0440\u0430\u0444\u0438\u0442\u0430, \u0441\u0443\u0445\u0438\u0445 \u043a\u0440\u0430\u0441\u043e\u043a \u0438 \u0442\u043e\u043c\u0443 \u043f\u043e\u0434\u043e\u0431\u043d\u043e\u0433\u043e), \u043f\u0440\u0438\u043c\u0435\u043d\u044f\u0435\u043c\u044b\u0439 \u0434\u043b\u044f \u043f\u0438\u0441\u044c\u043c\u0430, \u0440\u0438\u0441\u043e\u0432\u0430\u043d\u0438\u044f, \u0447\u0435\u0440\u0447\u0435\u043d\u0438\u044f, \u043c\u0430\u0440\u043a\u0438\u0440\u043e\u0432\u043a\u0438, \u0440\u0430\u0437\u043c\u0435\u0442\u043a\u0438 (\u0432 \u0441\u0442\u0440\u043e\u0438\u0442\u0435\u043b\u044c\u0441\u0442\u0432\u0435 \u0438 \u043d\u0430 \u043f\u0440\u043e\u0438\u0437\u0432\u043e\u0434\u0441\u0442\u0432\u0435), \u0430 \u0442\u0430\u043a\u0436\u0435 \u0432 \u043a\u043e\u0441\u043c\u0435\u0442\u0438\u0447\u0435\u0441\u043a\u0438\u0445 \u0438 \u0434\u0440\u0443\u0433\u0438\u0445 \u043f\u043e\u0445\u043e\u0436\u0438\u0445 \u0446\u0435\u043b\u044f\u0445. \u0427\u0430\u0441\u0442\u043e, \u0432 \u0446\u0435\u043b\u044f\u0445 \u0443\u0434\u043e\u0431\u0441\u0442\u0432\u0430, \u043f\u0438\u0448\u0443\u0449\u0438\u0439 \u0441\u0442\u0435\u0440\u0436\u0435\u043d\u044c \u043a\u0430\u0440\u0430\u043d\u0434\u0430\u0448\u0430 \u0432\u0441\u0442\u0430\u0432\u043b\u044f\u0435\u0442\u0441\u044f \u0432 \u0441\u043f\u0435\u0446\u0438\u0430\u043b\u044c\u043d\u0443\u044e \u043e\u043f\u0440\u0430\u0432\u0443.",
    "discount": null,
    "date": "2020-04-29T11:41:22Z",
    "quantity": 16,
    "brand": 6,
    "offer": false,
    "tags": []
  }
},
{
  "model": "webapp.product",
  "pk": 3,
  "fields": {
    "name": "\u0411\u0443\u043c\u0430\u0433\u0430 \u0421\u043d\u0435\u0433\u0443\u0440\u043e\u0447\u043a\u0430",
    "category": 1,
    "price": "120.00",
    "in_stock": true,
    "description": "\u0412\u043e\u043b\u043e\u043a\u043d\u0438\u0441\u0442\u044b\u0439 \u043c\u0430\u0442\u0435\u0440\u0438\u0430\u043b \u0441 \u043c\u0438\u043d\u0435\u0440\u0430\u043b\u044c\u043d\u044b\u043c\u0438 \u0434\u043e\u0431\u0430\u0432\u043a\u0430\u043c\u0438. \u041f\u0440\u0435\u0434\u0441\u0442\u0430\u0432\u043b\u0435\u043d \u0432 \u0432\u0438\u0434\u0435 \u043b\u0438\u0441\u0442\u043e\u0432 \u0434\u043b\u044f \u043f\u0438\u0441\u044c\u043c\u0430, \u0440\u0438\u0441\u043e\u0432\u0430\u043d\u0438\u044f, \u0443\u043f\u0430\u043a\u043e\u0432\u043a\u0438 \u0438 \u043f\u0440\u043e\u0447\u0435\u0433\u043e, \u043f\u043e\u043b\u0443\u0447\u0430\u0435\u043c\u044b\u0439 \u0438\u0437 \u0446\u0435\u043b\u043b\u044e\u043b\u043e\u0437\u044b: \u0440\u0430\u0441\u0442\u0435\u043d\u0438\u0439, \u0430 \u0442\u0430\u043a\u0436\u0435 \u0432\u0442\u043e\u0440\u0441\u044b\u0440\u044c\u044f (\u0442\u0440\u044f\u043f\u044c\u044f \u0438 \u043c\u0430\u043a\u0443\u043b\u0430\u0442\u0443\u0440\u044b).",
    "discount": null,
    "date": "2020-04-29T11:41:22Z",
    "quantity": 9997,
    "brand": null,
    "offer": false,
    "tags": []
  }
},
{
  "model": "webapp.product",
  "pk": 4,
  "fields": {
    "name": "\u0411\u0443\u043c\u0430\u0433\u0430",
    "category": 1,
    "price": "250.00",
    "in_stock": true,
    "description": "\u0412\u043e\u043b\u043e\u043a\u043d\u0438\u0441\u0442\u044b\u0439 \u043c\u0430\u0442\u0435\u0440\u0438\u0430\u043b \u0441 \u043c\u0438\u043d\u0435\u0440\u0430\u043b\u044c\u043d\u044b\u043c\u0438 \u0434\u043e\u0431\u0430\u0432\u043a\u0430\u043c\u0438. \u041f\u0440\u0435\u0434\u0441\u0442\u0430\u0432\u043b\u0435\u043d \u0432 \u0432\u0438\u0434\u0435 \u043b\u0438\u0441\u0442\u043e\u0432 \u0434\u043b\u044f \u043f\u0438\u0441\u044c\u043c\u0430, \u0440\u0438\u0441\u043e\u0432\u0430\u043d\u0438\u044f, \u0443\u043f\u0430\u043a\u043e\u0432\u043a\u0438 \u0438 \u043f\u0440\u043e\u0447\u0435\u0433\u043e, \u043f\u043e\u043b\u0443\u0447\u0430\u0435\u043c\u044b\u0439 \u0438\u0437 \u0446\u0435\u043b\u043b\u044e\u043b\u043e\u0437\u044b: \u0440\u0430\u0441\u0442\u0435\u043d\u0438\u0439, \u0430 \u0442\u0430\u043a\u0436\u0435 \u0432\u0442\u043e\u0440\u0441\u044b\u0440\u044c\u044f (\u0442\u0440\u044f\u043f\u044c\u044f \u0438 \u043c\u0430\u043a\u0443\u043b\u0430\u0442\u0443\u0440\u044b).",
    "discount": null,
    "date": "2020-04-29T11:41:22Z",
    "quantity": 1000,
    "brand": null,
    "offer": false,
    "tags": [
      8,
      9
    ]
  }
},
{
  "model": "webapp.product",
  "pk": 5,
  "fields": {
    "name": "\u041a\u0440\u0430\u0441\u043a\u0438",
    "category": 2,
    "price": "300.00",
    "in_stock": true,
    "description": "\u0410\u043a\u0432\u0430\u0440\u0435\u043b\u044c\u043d\u044b\u0435 \u043a\u0440\u0430\u0441\u043a\u0438 \u0441\u043e\u0441\u0442\u043e\u044f\u0442 \u0438\u0437 \u043f\u0438\u0433\u043c\u0435\u043d\u0442\u0430 \u0438 \u0441\u0432\u044f\u0437\u0443\u044e\u0449\u0435\u0433\u043e \u0432\u0435\u0449\u0435\u0441\u0442\u0432\u0430 (\u0432\u043e\u0434\u043e\u0440\u0430\u0441\u0442\u0432\u043e\u0440\u0438\u043c\u044b\u0435 \u0441\u043b\u043e\u0436\u043d\u044b\u0435 \u0443\u0433\u043b\u0435\u0432\u043e\u0434\u044b: \u0440\u0430\u0441\u0442\u0438\u0442\u0435\u043b\u044c\u043d\u044b\u0439 \u043a\u043b\u0435\u0439, \u0434\u0435\u043a\u0441\u0442\u0440\u0438\u043d, \u043d\u0430\u0442\u0443\u0440\u0430\u043b\u044c\u043d\u044b\u0439 \u0433\u0443\u043c\u043c\u0438\u0430\u0440\u0430\u0431\u0438\u043a \u0441 \u0434\u043e\u0431\u0430\u0432\u043b\u0435\u043d\u0438\u0435\u043c \u0433\u043b\u0438\u0446\u0435\u0440\u0438\u043d\u0430, \u0441\u0430\u0445\u0430\u0440\u0430 \u0438\u043b\u0438 \u043c\u0451\u0434\u0430), \u043e\u043d\u0438 \u0440\u0430\u0437\u0432\u043e\u0434\u044f\u0442\u0441\u044f \u0432\u043e\u0434\u043e\u0439 \u0438 \u043b\u0435\u0433\u043a\u043e \u0441\u043c\u044b\u0432\u0430\u044e\u0442\u0441\u044f. \u041f\u0440\u0438 \u0440\u0430\u0441\u0442\u0432\u043e\u0440\u0435\u043d\u0438\u0438 \u0432 \u0432\u043e\u0434\u0435 \u043e\u0431\u0440\u0430\u0437\u0443\u044e\u0442 \u043f\u0440\u043e\u0437\u0440\u0430\u0447\u043d\u0443\u044e \u0432\u0437\u0432\u0435\u0441\u044c \u0442\u043e\u043d\u043a\u043e\u0433\u043e \u043f\u0438\u0433\u043c\u0435\u043d\u0442\u0430, \u0438 \u043f\u043e\u0437\u0432\u043e\u043b\u044f\u044e\u0442 \u0437\u0430 \u0441\u0447\u0451\u0442 \u044d\u0442\u043e\u0433\u043e \u0441\u043e\u0437\u0434\u0430\u0432\u0430\u0442\u044c \u044d\u0444\u0444\u0435\u043a\u0442 \u043b\u0451\u0433\u043a\u043e\u0441\u0442\u0438, \u0432\u043e\u0437\u0434\u0443\u0448\u043d\u043e\u0441\u0442\u0438 \u0438 \u0442\u043e\u043d\u043a\u0438\u0445 \u0446\u0432\u0435\u0442\u043e\u0432\u044b\u0445 \u043f\u0435\u0440\u0435\u0445\u043e\u0434\u043e\u0432.",
    "discount": null,
    "date": "2020-04-29T11:41:22Z",
    "quantity": 11,
    "brand": 3,
    "offer": false,
    "tags": [
      6,
      7
    ]
  }
},
{
  "model": "webapp.product",
  "pk": 6,
  "fields": {
    "name": "\u041f\u043b\u0430\u0441\u0442\u0438\u043b\u0438\u043d",
    "category": 2,
    "price": "70.00",
    "in_stock": true,
    "description": "\u041c\u0430\u0442\u0435\u0440\u0438\u0430\u043b \u0434\u043b\u044f \u043b\u0435\u043f\u043a\u0438. \u0420\u0430\u043d\u0435\u0435 \u0438\u0437\u0433\u043e\u0442\u0430\u0432\u043b\u0438\u0432\u0430\u043b\u0441\u044f \u0438\u0437 \u043e\u0447\u0438\u0449\u0435\u043d\u043d\u043e\u0433\u043e \u0438 \u0440\u0430\u0437\u043c\u0435\u043b\u044c\u0447\u0435\u043d\u043d\u043e\u0433\u043e \u043f\u043e\u0440\u043e\u0448\u043a\u0430 \u0433\u043b\u0438\u043d\u044b \u0441 \u0434\u043e\u0431\u0430\u0432\u043b\u0435\u043d\u0438\u0435\u043c \u0432\u043e\u0441\u043a\u0430, \u0436\u0438\u0432\u043e\u0442\u043d\u044b\u0445 \u0436\u0438\u0440\u043e\u0432 \u0438 \u0434\u0440\u0443\u0433\u0438\u0445 \u0432\u0435\u0449\u0435\u0441\u0442\u0432, \u043f\u0440\u0435\u043f\u044f\u0442\u0441\u0442\u0432\u0443\u044e\u0449\u0438\u0445 \u0432\u044b\u0441\u044b\u0445\u0430\u043d\u0438\u044e. \u0412 \u043d\u0430\u0441\u0442\u043e\u044f\u0449\u0435\u0435 \u0432\u0440\u0435\u043c\u044f \u043f\u0440\u0438 \u043f\u0440\u043e\u0438\u0437\u0432\u043e\u0434\u0441\u0442\u0432\u0435 \u043f\u043b\u0430\u0441\u0442\u0438\u043b\u0438\u043d\u0430 \u0438\u0441\u043f\u043e\u043b\u044c\u0437\u0443\u044e\u0442 \u0442\u0430\u043a\u0436\u0435 \u0432\u044b\u0441\u043e\u043a\u043e\u043c\u043e\u043b\u0435\u043a\u0443\u043b\u044f\u0440\u043d\u044b\u0439 \u043f\u043e\u043b\u0438\u044d\u0442\u0438\u043b\u0435\u043d (\u0412\u041c\u041f\u042d), \u043f\u043e\u043b\u0438\u0432\u0438\u043d\u0438\u043b\u0445\u043b\u043e\u0440\u0438\u0434 (\u041f\u0412\u0425), \u043a\u0430\u0443\u0447\u0443\u043a\u0438 \u0438 \u0434\u0440\u0443\u0433\u0438\u0435 \u0432\u044b\u0441\u043e\u043a\u043e\u0442\u0435\u0445\u043d\u043e\u043b\u043e\u0433\u0438\u0447\u043d\u044b\u0435 \u043c\u0430\u0442\u0435\u0440\u0438\u0430\u043b\u044b. \u041e\u043a\u0440\u0430\u0448\u0438\u0432\u0430\u0435\u0442\u0441\u044f \u0432 \u0440\u0430\u0437\u043b\u0438\u0447\u043d\u044b\u0435 \u0446\u0432\u0435\u0442\u0430. \u0421\u043b\u0443\u0436\u0438\u0442 \u0434\u043b\u044f \u0432\u044b\u043f\u043e\u043b\u043d\u0435\u043d\u0438\u044f \u0444\u0438\u0433\u0443\u0440 \u044d\u0441\u043a\u0438\u0437\u043e\u0432 \u0434\u043b\u044f \u0441\u043a\u0443\u043b\u044c\u043f\u0442\u0443\u0440\u043d\u044b\u0445 \u0440\u0430\u0431\u043e\u0442, \u043d\u0435\u0431\u043e\u043b\u044c\u0448\u0438\u0445 \u043c\u043e\u0434\u0435\u043b\u0435\u0439, \u043f\u0440\u043e\u0438\u0437\u0432\u0435\u0434\u0435\u043d\u0438\u0439 \u043c\u0430\u043b\u044b\u0445 \u0444\u043e\u0440\u043c.",
    "discount": 4,
    "date": "2020-04-29T11:41:22Z",
    "quantity": 10,
    "brand": 4,
    "offer": false,
    "tags": [
      6,
      7
    ]
  }
},
{
  "model": "webapp.product",
  "pk": 7,
  "fields": {
    "name": "\u041f\u043b\u0430\u0441\u0442\u0438\u043b\u0438\u043d",
    "category": 2,
    "price": "80.00",
    "in_stock": true,
    "description": "\u041c\u0430\u0442\u0435\u0440\u0438\u0430\u043b \u0434\u043b\u044f \u043b\u0435\u043f\u043a\u0438. \u0420\u0430\u043d\u0435\u0435 \u0438\u0437\u0433\u043e\u0442\u0430\u0432\u043b\u0438\u0432\u0430\u043b\u0441\u044f \u0438\u0437 \u043e\u0447\u0438\u0449\u0435\u043d\u043d\u043e\u0433\u043e \u0438 \u0440\u0430\u0437\u043c\u0435\u043b\u044c\u0447\u0435\u043d\u043d\u043e\u0433\u043e \u043f\u043e\u0440\u043e\u0448\u043a\u0430 \u0433\u043b\u0438\u043d\u044b \u0441 \u0434\u043e\u0431\u0430\u0432\u043b\u0435\u043d\u0438\u0435\u043c \u0432\u043e\u0441\u043a\u0430, \u0436\u0438\u0432\u043e\u0442\u043d\u044b\u0445 \u0436\u0438\u0440\u043e\u0432 \u0438 \u0434\u0440\u0443\u0433\u0438\u0445 \u0432\u0435\u0449\u0435\u0441\u0442\u0432, \u043f\u0440\u0435\u043f\u044f\u0442\u0441\u0442\u0432\u0443\u044e\u0449\u0438\u0445 \u0432\u044b\u0441\u044b\u0445\u0430\u043d\u0438\u044e. \u0412 \u043d\u0430\u0441\u0442\u043e\u044f\u0449\u0435\u0435 \u0432\u0440\u0435\u043c\u044f \u043f\u0440\u0438 \u043f\u0440\u043e\u0438\u0437\u0432\u043e\u0434\u0441\u0442\u0432\u0435 \u043f\u043b\u0430\u0441\u0442\u0438\u043b\u0438\u043d\u0430 \u0438\u0441\u043f\u043e\u043b\u044c\u0437\u0443\u044e\u0442 \u0442\u0430\u043a\u0436\u0435 \u0432\u044b\u0441\u043e\u043a\u043e\u043c\u043e\u043b\u0435\u043a\u0443\u043b\u044f\u0440\u043d\u044b\u0439 \u043f\u043e\u043b\u0438\u044d\u0442\u0438\u043b\u0435\u043d (\u0412\u041c\u041f\u042d), \u043f\u043e\u043b\u0438\u0432\u0438\u043d\u0438\u043b\u0445\u043b\u043e\u0440\u0438\u0434 (\u041f\u0412\u0425), \u043a\u0430\u0443\u0447\u0443\u043a\u0438 \u0438 \u0434\u0440\u0443\u0433\u0438\u0435 \u0432\u044b\u0441\u043e\u043a\u043e\u0442\u0435\u0445\u043d\u043e\u043b\u043e\u0433\u0438\u0447\u043d\u044b\u0435 \u043c\u0430\u0442\u0435\u0440\u0438\u0430\u043b\u044b. \u041e\u043a\u0440\u0430\u0448\u0438\u0432\u0430\u0435\u0442\u0441\u044f \u0432 \u0440\u0430\u0437\u043b\u0438\u0447\u043d\u044b\u0435 \u0446\u0432\u0435\u0442\u0430. \u0421\u043b\u0443\u0436\u0438\u0442 \u0434\u043b\u044f \u0432\u044b\u043f\u043e\u043b\u043d\u0435\u043d\u0438\u044f \u0444\u0438\u0433\u0443\u0440 \u044d\u0441\u043a\u0438\u0437\u043e\u0432 \u0434\u043b\u044f \u0441\u043a\u0443\u043b\u044c\u043f\u0442\u0443\u0440\u043d\u044b\u0445 \u0440\u0430\u0431\u043e\u0442, \u043d\u0435\u0431\u043e\u043b\u044c\u0448\u0438\u0445 \u043c\u043e\u0434\u0435\u043b\u0435\u0439, \u043f\u0440\u043e\u0438\u0437\u0432\u0435\u0434\u0435\u043d\u0438\u0439 \u043c\u0430\u043b\u044b\u0445 \u0444\u043e\u0440\u043c.",
    "discount": null,
    "date": "2020-04-29T11:41:22Z",
    "quantity": 100,
    "brand": 4,
    "offer": false,
    "tags": []
  }
},
{
  "model": "webapp.product",
  "pk": 8,
  "fields": {
    "name": "\u0422\u0435\u0442\u0440\u0430\u0434\u0438",
    "category": 8,
    "price": "30.00",
    "in_stock": true,
    "description": "\u041f\u0435\u0447\u0430\u0442\u043d\u044b\u0439 \u0438\u043b\u0438 \u043f\u0438\u0441\u044c\u043c\u0435\u043d\u043d\u044b\u0439 \u043d\u043e\u0441\u0438\u0442\u0435\u043b\u044c \u0438\u043d\u0444\u043e\u0440\u043c\u0430\u0446\u0438\u0438, \u0441\u043e\u0441\u0442\u043e\u044f\u0449\u0438\u0439 \u0438\u0437 \u0441\u043e\u0433\u043d\u0443\u0442\u044b\u0445 \u043f\u043e\u043f\u043e\u043b\u0430\u043c \u043b\u0438\u0441\u0442\u043e\u0432 \u0431\u0443\u043c\u0430\u0433\u0438 \u0438 \u043f\u0435\u0440\u0435\u043f\u043b\u0435\u0442\u0451\u043d\u043d\u044b\u0445 \u0432 \u043c\u0435\u0441\u0442\u0435 \u0441\u0433\u0438\u0431\u0430 \u043d\u0438\u0442\u043a\u0430\u043c\u0438 \u0438\u043b\u0438 \u0441\u043a\u043e\u0431\u0430\u043c\u0438. \u0422\u0430\u043a\u0436\u0435 \u0442\u0435\u0442\u0440\u0430\u0434\u044c\u044e \u043c\u043e\u0433\u0443\u0442 \u043d\u0430\u0437\u044b\u0432\u0430\u0442\u044c\u0441\u044f \u043e\u0442\u0434\u0435\u043b\u044c\u043d\u044b\u0435 \u043b\u0438\u0441\u0442\u044b \u0434\u043b\u044f \u043f\u0438\u0441\u044c\u043c\u0430, \u0441\u043a\u0440\u0435\u043f\u043b\u0435\u043d\u043d\u044b\u0435 \u043a\u043b\u0435\u0435\u043c \u0438\u043b\u0438 \u043f\u0440\u043e\u0432\u043e\u043b\u043e\u0447\u043d\u043e\u0439 \u0441\u043f\u0438\u0440\u0430\u043b\u044c\u044e.",
    "discount": null,
    "date": "2020-04-29T11:41:22Z",
    "quantity": 100,
    "brand": 6,
    "offer": false,
    "tags": []
  }
},
{
  "model": "webapp.product",
  "pk": 9,
  "fields": {
    "name": "\u0422\u0435\u0442\u0440\u0430\u0434\u0438",
    "category": 8,
    "price": "25.00",
    "in_stock": true,
    "description": "\u041f\u0435\u0447\u0430\u0442\u043d\u044b\u0439 \u0438\u043b\u0438 \u043f\u0438\u0441\u044c\u043c\u0435\u043d\u043d\u044b\u0439 \u043d\u043e\u0441\u0438\u0442\u0435\u043b\u044c \u0438\u043d\u0444\u043e\u0440\u043c\u0430\u0446\u0438\u0438, \u0441\u043e\u0441\u0442\u043e\u044f\u0449\u0438\u0439 \u0438\u0437 \u0441\u043e\u0433\u043d\u0443\u0442\u044b\u0445 \u043f\u043e\u043f\u043e\u043b\u0430\u043c \u043b\u0438\u0441\u0442\u043e\u0432 \u0431\u0443\u043c\u0430\u0433\u0438 \u0438 \u043f\u0435\u0440\u0435\u043f\u043b\u0435\u0442\u0451\u043d\u043d\u044b\u0445 \u0432 \u043c\u0435\u0441\u0442\u0435 \u0441\u0433\u0438\u0431\u0430 \u043d\u0438\u0442\u043a\u0430\u043c\u0438 \u0438\u043b\u0438 \u0441\u043a\u043e\u0431\u0430\u043c\u0438. \u0422\u0430\u043a\u0436\u0435 \u0442\u0435\u0442\u0440\u0430\u0434\u044c\u044e \u043c\u043e\u0433\u0443\u0442 \u043d\u0430\u0437\u044b\u0432\u0430\u0442\u044c\u0441\u044f \u043e\u0442\u0434\u0435\u043b\u044c\u043d\u044b\u0435 \u043b\u0438\u0441\u0442\u044b \u0434\u043b\u044f \u043f\u0438\u0441\u044c\u043c\u0430, \u0441\u043a\u0440\u0435\u043f\u043b\u0435\u043d\u043d\u044b\u0435 \u043a\u043b\u0435\u0435\u043c \u0438\u043b\u0438 \u043f\u0440\u043e\u0432\u043e\u043b\u043e\u0447\u043d\u043e\u0439 \u0441\u043f\u0438\u0440\u0430\u043b\u044c\u044e.",
    "discount": null,
    "date": "2020-04-29T11:41:22Z",
    "quantity": 100,
    "brand": 5,
    "offer": false,
    "tags": []
  }
},
{
  "model": "webapp.product",
  "pk": 10,
  "fields": {
    "name": "\u0420\u0443\u0447\u043a\u0430",
    "category": 3,
    "price": "35.00",
    "in_stock": true,
    "description": "\u0420\u0443\u0447\u043a\u0430 \u0448\u0430\u0440\u0438\u043a\u043e\u0432\u0430\u044f",
    "discount": null,
    "date": "2020-06-12T10:17:27.609Z",
    "quantity": 200,
    "brand": 2,
    "offer": false,
    "tags": [
      10
    ]
  }
},
{
  "model": "webapp.product",
  "pk": 11,
  "fields": {
    "name": "\u0420\u0443\u0447\u043a\u0430",
    "category": 3,
    "price": "35.00",
    "in_stock": true,
    "description": "\u0420\u0443\u0447\u043a\u0430 \u0448\u0430\u0440\u0438\u043a\u043e\u0432\u0430\u044f",
    "discount": 2,
    "date": "2020-06-12T10:23:53.361Z",
    "quantity": 200,
    "brand": 2,
    "offer": false,
    "tags": [
      10
    ]
  }
},
{
  "model": "webapp.deliveryaddress",
  "pk": 1,
  "fields": {
    "user": [
      "admin"
    ],
    "city": "Bishkek",
    "street": "\u041f\u0430\u043d\u0444\u0438\u043b\u043e\u0432\u0430",
    "building_number": "170",
    "entrance_number": "1",
    "flat_number": "17",
    "additional_info": null
  }
},
{
  "model": "webapp.deliveryaddress",
  "pk": 2,
  "fields": {
    "user": [
      "user1"
    ],
    "city": "Bishkek",
    "street": "\u0421\u043e\u0432\u0435\u0442\u0441\u043a\u0430\u044f",
    "building_number": "1",
    "entrance_number": "1",
    "flat_number": "12",
    "additional_info": null
  }
},
{
  "model": "webapp.deliverycost",
  "pk": 7,
  "fields": {
    "cost": 150,
    "free_from": 3000,
    "created_at": "2020-06-12T06:51:31.764Z"
  }
},
{
  "model": "webapp.deliverycost",
  "pk": 8,
  "fields": {
    "cost": 2000,
    "free_from": 50000,
    "created_at": "2020-06-18T09:12:13.538Z"
  }
},
{
  "model": "webapp.deliverycost",
  "pk": 9,
  "fields": {
    "cost": 150,
    "free_from": 2000,
    "created_at": "2020-06-18T10:24:01.297Z"
  }
},
{
  "model": "webapp.order",
  "pk": 2,
  "fields": {
    "user": [
      "admin"
    ],
    "first_name": "\u0410\u0434\u043c\u0438\u043d",
    "last_name": "\u0410\u0434\u043c\u0438\u043d\u044b\u0447",
    "email": "admin@gmail.com",
    "phone": "0700889765",
    "address": 1,
    "shipping_cost": 7,
    "created_at": "2020-06-12T10:53:04.118Z",
    "updated_at": "2020-06-12T10:53:04.118Z"
  }
},
{
  "model": "webapp.order",
  "pk": 3,
  "fields": {
    "user": [
      "admin"
    ],
    "first_name": "Admin",
    "last_name": "",
    "email": "",
    "phone": "",
    "address": 1,
    "shipping_cost": 7,
    "created_at": "2020-06-15T14:03:03.076Z",
    "updated_at": "2020-06-15T14:03:03.077Z"
  }
},
{
  "model": "webapp.order",
  "pk": 4,
  "fields": {
    "user": [
      "admin"
    ],
    "first_name": "Admin",
    "last_name": "",
    "email": "",
    "phone": "",
    "address": 1,
    "shipping_cost": 7,
    "created_at": "2020-06-15T14:04:47.866Z",
    "updated_at": "2020-06-15T14:04:47.866Z"
  }
},
{
  "model": "webapp.order",
  "pk": 5,
  "fields": {
    "user": [
      "admin"
    ],
    "first_name": "Admin",
    "last_name": "",
    "email": "",
    "phone": "",
    "address": 1,
    "shipping_cost": 7,
    "created_at": "2020-06-15T14:10:02.274Z",
    "updated_at": "2020-06-15T14:10:02.281Z"
  }
},
{
  "model": "webapp.order",
  "pk": 6,
  "fields": {
    "user": [
      "admin"
    ],
    "first_name": "Admin",
    "last_name": "",
    "email": "",
    "phone": "",
    "address": 1,
    "shipping_cost": 7,
    "created_at": "2020-06-15T14:10:27.574Z",
    "updated_at": "2020-06-15T14:10:27.582Z"
  }
},
{
  "model": "webapp.order",
  "pk": 7,
  "fields": {
    "user": [
      "admin"
    ],
    "first_name": "Admin",
    "last_name": "",
    "email": "",
    "phone": "",
    "address": 1,
    "shipping_cost": 7,
    "created_at": "2020-06-15T14:18:02.628Z",
    "updated_at": "2020-06-15T14:18:02.635Z"
  }
},
{
  "model": "webapp.order",
  "pk": 8,
  "fields": {
    "user": [
      "admin"
    ],
    "first_name": "Admin",
    "last_name": "Adminovich",
    "email": "admin@gmail.com",
    "phone": "+996700556677",
    "address": 1,
    "shipping_cost": 7,
    "created_at": "2020-06-15T14:19:13.485Z",
    "updated_at": "2020-06-15T14:19:13.494Z"
  }
},
{
  "model": "webapp.order",
  "pk": 9,
  "fields": {
    "user": [
      "admin"
    ],
    "first_name": "Admin",
    "last_name": "Adminovich",
    "email": "admin@gmail.com",
    "phone": "+996700556677",
    "address": 1,
    "shipping_cost": 7,
    "created_at": "2020-06-15T14:20:47.867Z",
    "updated_at": "2020-06-15T14:20:47.875Z"
  }
},
{
  "model": "webapp.order",
  "pk": 10,
  "fields": {
    "user": [
      "admin"
    ],
    "first_name": "Admin",
    "last_name": "Adminovich",
    "email": "admin@gmail.com",
    "phone": "+996700556677",
    "address": 1,
    "shipping_cost": 7,
    "created_at": "2020-06-15T14:31:02.914Z",
    "updated_at": "2020-06-15T14:31:02.921Z"
  }
},
{
  "model": "webapp.order",
  "pk": 11,
  "fields": {
    "user": [
      "admin"
    ],
    "first_name": "Admin",
    "last_name": "Adminovich",
    "email": "admin@gmail.com",
    "phone": "+996700556677",
    "address": 1,
    "shipping_cost": 7,
    "created_at": "2020-06-15T14:31:06.051Z",
    "updated_at": "2020-06-15T14:31:06.058Z"
  }
},
{
  "model": "webapp.order",
  "pk": 12,
  "fields": {
    "user": [
      "admin"
    ],
    "first_name": "Admin",
    "last_name": "Adminovich",
    "email": "admin@gmail.com",
    "phone": "+996700556677",
    "address": 1,
    "shipping_cost": 7,
    "created_at": "2020-06-15T14:32:31.521Z",
    "updated_at": "2020-06-15T14:32:31.530Z"
  }
},
{
  "model": "webapp.order",
  "pk": 13,
  "fields": {
    "user": [
      "admin"
    ],
    "first_name": "Admin",
    "last_name": "Adminovich",
    "email": "admin@gmail.com",
    "phone": "+996700556677",
    "address": 1,
    "shipping_cost": 7,
    "created_at": "2020-06-15T14:32:45.548Z",
    "updated_at": "2020-06-15T14:32:45.556Z"
  }
},
{
  "model": "webapp.order",
  "pk": 14,
  "fields": {
    "user": [
      "admin"
    ],
    "first_name": "Admin",
    "last_name": "Adminovich",
    "email": "admin@gmail.com",
    "phone": "+996700556677",
    "address": 1,
    "shipping_cost": 7,
    "created_at": "2020-06-15T14:35:01.849Z",
    "updated_at": "2020-06-15T14:35:01.858Z"
  }
},
{
  "model": "webapp.order",
  "pk": 15,
  "fields": {
    "user": [
      "admin"
    ],
    "first_name": "Admin",
    "last_name": "Adminovich",
    "email": "admin@gmail.com",
    "phone": "+996700556677",
    "address": 1,
    "shipping_cost": 7,
    "created_at": "2020-06-15T15:16:43.952Z",
    "updated_at": "2020-06-15T15:16:43.958Z"
  }
},
{
  "model": "webapp.order",
  "pk": 16,
  "fields": {
    "user": [
      "admin"
    ],
    "first_name": "Admin",
    "last_name": "Adminovich",
    "email": "admin@gmail.com",
    "phone": "+996700556677",
    "address": 1,
    "shipping_cost": 7,
    "created_at": "2020-06-15T15:18:17.901Z",
    "updated_at": "2020-06-15T15:18:17.908Z"
  }
},
{
  "model": "webapp.order",
  "pk": 17,
  "fields": {
    "user": [
      "admin"
    ],
    "first_name": "Admin",
    "last_name": "Adminovich",
    "email": "admin@gmail.com",
    "phone": "+996700556677",
    "address": 1,
    "shipping_cost": 7,
    "created_at": "2020-06-15T15:19:31.000Z",
    "updated_at": "2020-06-15T15:19:31.009Z"
  }
},
{
  "model": "webapp.order",
  "pk": 18,
  "fields": {
    "user": [
      "admin"
    ],
    "first_name": "Admin",
    "last_name": "Adminovich",
    "email": "admin@gmail.com",
    "phone": "+996700556677",
    "address": 1,
    "shipping_cost": 7,
    "created_at": "2020-06-15T15:20:23.118Z",
    "updated_at": "2020-06-15T15:20:23.118Z"
  }
},
{
  "model": "webapp.order",
  "pk": 19,
  "fields": {
    "user": [
      "admin"
    ],
    "first_name": "Admin",
    "last_name": "Adminovich",
    "email": "admin@gmail.com",
    "phone": "+996700556677",
    "address": 1,
    "shipping_cost": 7,
    "created_at": "2020-06-15T15:22:20.680Z",
    "updated_at": "2020-06-15T15:22:20.680Z"
  }
},
{
  "model": "webapp.order",
  "pk": 20,
  "fields": {
    "user": [
      "admin"
    ],
    "first_name": "Admin",
    "last_name": "Adminovich",
    "email": "admin@gmail.com",
    "phone": "+996700556677",
    "address": 1,
    "shipping_cost": 7,
    "created_at": "2020-06-15T15:22:50.790Z",
    "updated_at": "2020-06-15T15:22:50.790Z"
  }
},
{
  "model": "webapp.order",
  "pk": 21,
  "fields": {
    "user": [
      "admin"
    ],
    "first_name": "Admin",
    "last_name": "Adminovich",
    "email": "admin@gmail.com",
    "phone": "+996700556677",
    "address": 1,
    "shipping_cost": 7,
    "created_at": "2020-06-15T15:24:41.477Z",
    "updated_at": "2020-06-15T15:24:41.477Z"
  }
},
{
  "model": "webapp.order",
  "pk": 22,
  "fields": {
    "user": [
      "admin"
    ],
    "first_name": "Admin",
    "last_name": "Adminovich",
    "email": "admin@gmail.com",
    "phone": "+996700556677",
    "address": 1,
    "shipping_cost": 7,
    "created_at": "2020-06-15T15:24:47.544Z",
    "updated_at": "2020-06-15T15:24:47.544Z"
  }
},
{
  "model": "webapp.order",
  "pk": 23,
  "fields": {
    "user": [
      "admin"
    ],
    "first_name": "Admin",
    "last_name": "Adminovich",
    "email": "admin@gmail.com",
    "phone": "+996700556677",
    "address": 1,
    "shipping_cost": 7,
    "created_at": "2020-06-15T15:31:17.035Z",
    "updated_at": "2020-06-15T15:31:17.035Z"
  }
},
{
  "model": "webapp.order",
  "pk": 24,
  "fields": {
    "user": [
      "admin"
    ],
    "first_name": "Admin",
    "last_name": "Adminovich",
    "email": "admin@gmail.com",
    "phone": "+996700556677",
    "address": 1,
    "shipping_cost": 7,
    "created_at": "2020-06-15T15:32:26.048Z",
    "updated_at": "2020-06-15T15:32:26.048Z"
  }
},
{
  "model": "webapp.order",
  "pk": 25,
  "fields": {
    "user": [
      "admin"
    ],
    "first_name": "Admin",
    "last_name": "Adminovich",
    "email": "admin@gmail.com",
    "phone": "+996700556677",
    "address": 1,
    "shipping_cost": 7,
    "created_at": "2020-06-15T15:40:30.279Z",
    "updated_at": "2020-06-15T15:40:30.279Z"
  }
},
{
  "model": "webapp.order",
  "pk": 26,
  "fields": {
    "user": [
      "admin"
    ],
    "first_name": "Admin",
    "last_name": "Adminovich",
    "email": "admin@gmail.com",
    "phone": "+996700556677",
    "address": 1,
    "shipping_cost": 7,
    "created_at": "2020-06-15T15:40:36.992Z",
    "updated_at": "2020-06-15T15:40:36.992Z"
  }
},
{
  "model": "webapp.order",
  "pk": 27,
  "fields": {
    "user": [
      "admin"
    ],
    "first_name": "Admin",
    "last_name": "Adminovich",
    "email": "admin@gmail.com",
    "phone": "+996700556677",
    "address": 1,
    "shipping_cost": 7,
    "created_at": "2020-06-15T15:41:47.127Z",
    "updated_at": "2020-06-15T15:41:47.128Z"
  }
},
{
  "model": "webapp.order",
  "pk": 28,
  "fields": {
    "user": [
      "admin"
    ],
    "first_name": "Admin",
    "last_name": "Adminovich",
    "email": "admin@gmail.com",
    "phone": "+996700556677",
    "address": 1,
    "shipping_cost": 7,
    "created_at": "2020-06-15T15:41:52.076Z",
    "updated_at": "2020-06-15T15:41:52.076Z"
  }
},
{
  "model": "webapp.order",
  "pk": 29,
  "fields": {
    "user": [
      "admin"
    ],
    "first_name": "Admin",
    "last_name": "Adminovich",
    "email": "admin@gmail.com",
    "phone": "+996700556677",
    "address": 1,
    "shipping_cost": 7,
    "created_at": "2020-06-15T15:43:22.535Z",
    "updated_at": "2020-06-15T15:43:22.535Z"
  }
},
{
  "model": "webapp.order",
  "pk": 30,
  "fields": {
    "user": [
      "admin"
    ],
    "first_name": "Admin",
    "last_name": "Adminovich",
    "email": "admin@gmail.com",
    "phone": "+996700556677",
    "address": 1,
    "shipping_cost": 7,
    "created_at": "2020-06-15T16:13:12.158Z",
    "updated_at": "2020-06-15T16:13:12.158Z"
  }
},
{
  "model": "webapp.order",
  "pk": 31,
  "fields": {
    "user": [
      "admin"
    ],
    "first_name": "Admin",
    "last_name": "Adminovich",
    "email": "admin@gmail.com",
    "phone": "+996700556677",
    "address": 1,
    "shipping_cost": 7,
    "created_at": "2020-06-15T16:56:21.743Z",
    "updated_at": "2020-06-15T16:56:21.743Z"
  }
},
{
  "model": "webapp.order",
  "pk": 32,
  "fields": {
    "user": [
      "admin"
    ],
    "first_name": "Admin",
    "last_name": "Adminovich",
    "email": "admin@gmail.com",
    "phone": "+996700556677",
    "address": 1,
    "shipping_cost": 7,
    "created_at": "2020-06-15T17:01:36.704Z",
    "updated_at": "2020-06-15T17:01:36.704Z"
  }
},
{
  "model": "webapp.order",
  "pk": 33,
  "fields": {
    "user": [
      "admin"
    ],
    "first_name": "Admin",
    "last_name": "Adminovich",
    "email": "admin@gmail.com",
    "phone": "+996700556677",
    "address": 1,
    "shipping_cost": 7,
    "created_at": "2020-06-15T17:05:12.945Z",
    "updated_at": "2020-06-15T17:05:12.945Z"
  }
},
{
  "model": "webapp.order",
  "pk": 34,
  "fields": {
    "user": [
      "admin"
    ],
    "first_name": "Admin",
    "last_name": "Adminovich",
    "email": "admin@gmail.com",
    "phone": "+996700556677",
    "address": 1,
    "shipping_cost": 7,
    "created_at": "2020-06-15T17:05:38.681Z",
    "updated_at": "2020-06-15T17:05:38.681Z"
  }
},
{
  "model": "webapp.order",
  "pk": 35,
  "fields": {
    "user": [
      "admin"
    ],
    "first_name": "Admin",
    "last_name": "Adminovich",
    "email": "admin@gmail.com",
    "phone": "+996700556677",
    "address": 1,
    "shipping_cost": 7,
    "created_at": "2020-06-15T17:15:37.947Z",
    "updated_at": "2020-06-15T17:15:37.947Z"
  }
},
{
  "model": "webapp.order",
  "pk": 36,
  "fields": {
    "user": [
      "admin"
    ],
    "first_name": "Admin",
    "last_name": "Adminovich",
    "email": "admin@gmail.com",
    "phone": "+996700556677",
    "address": 1,
    "shipping_cost": 7,
    "created_at": "2020-06-15T17:15:52.095Z",
    "updated_at": "2020-06-15T17:15:52.095Z"
  }
},
{
  "model": "webapp.order",
  "pk": 37,
  "fields": {
    "user": [
      "admin"
    ],
    "first_name": "Admin",
    "last_name": "Adminovich",
    "email": "admin@gmail.com",
    "phone": "+996700556677",
    "address": 1,
    "shipping_cost": 7,
    "created_at": "2020-06-15T17:17:00.277Z",
    "updated_at": "2020-06-15T17:17:00.277Z"
  }
},
{
  "model": "webapp.order",
  "pk": 38,
  "fields": {
    "user": [
      "admin"
    ],
    "first_name": "Admin",
    "last_name": "Adminovich",
    "email": "admin@gmail.com",
    "phone": "+996700556677",
    "address": 1,
    "shipping_cost": 7,
    "created_at": "2020-06-15T17:22:51.438Z",
    "updated_at": "2020-06-15T17:22:51.438Z"
  }
},
{
  "model": "webapp.order",
  "pk": 39,
  "fields": {
    "user": [
      "admin"
    ],
    "first_name": "Admin",
    "last_name": "Adminovich",
    "email": "admin@gmail.com",
    "phone": "+996700556677",
    "address": 1,
    "shipping_cost": 7,
    "created_at": "2020-06-17T04:52:32.124Z",
    "updated_at": "2020-06-17T04:52:32.124Z"
  }
},
{
  "model": "webapp.order",
  "pk": 40,
  "fields": {
    "user": [
      "admin"
    ],
    "first_name": "Admin",
    "last_name": "Adminovich",
    "email": "admin@gmail.com",
    "phone": "+996700556677",
    "address": 1,
    "shipping_cost": 7,
    "created_at": "2020-06-17T04:53:30.472Z",
    "updated_at": "2020-06-17T04:53:30.472Z"
  }
},
{
  "model": "webapp.order",
  "pk": 41,
  "fields": {
    "user": [
      "admin"
    ],
    "first_name": "Admin",
    "last_name": "Adminovich",
    "email": "admin@gmail.com",
    "phone": "+996700556677",
    "address": 1,
    "shipping_cost": 7,
    "created_at": "2020-06-17T04:56:12.620Z",
    "updated_at": "2020-06-17T04:56:12.620Z"
  }
},
{
  "model": "webapp.order",
  "pk": 42,
  "fields": {
    "user": [
      "admin"
    ],
    "first_name": "Admin",
    "last_name": "Adminovich",
    "email": "admin@gmail.com",
    "phone": "+996700556677",
    "address": 1,
    "shipping_cost": 7,
    "created_at": "2020-06-17T05:02:34.044Z",
    "updated_at": "2020-06-17T05:02:34.044Z"
  }
},
{
  "model": "webapp.order",
  "pk": 43,
  "fields": {
    "user": [
      "admin"
    ],
    "first_name": "Admin",
    "last_name": "Adminovich",
    "email": "admin@gmail.com",
    "phone": "+996700556677",
    "address": 1,
    "shipping_cost": 7,
    "created_at": "2020-06-17T05:09:10.958Z",
    "updated_at": "2020-06-17T05:09:10.958Z"
  }
},
{
  "model": "webapp.order",
  "pk": 44,
  "fields": {
    "user": [
      "admin"
    ],
    "first_name": "Vadim",
    "last_name": "Adminovich",
    "email": "admin@gmail.com",
    "phone": "+996700556677",
    "address": 1,
    "shipping_cost": 7,
    "created_at": "2020-06-17T05:20:33.829Z",
    "updated_at": "2020-06-17T05:20:33.829Z"
  }
},
{
  "model": "webapp.order",
  "pk": 45,
  "fields": {
    "user": [
      "admin"
    ],
    "first_name": "Vadim",
    "last_name": "Der",
    "email": "admin@gmail.com",
    "phone": "+996500555555",
    "address": 1,
    "shipping_cost": 7,
    "created_at": "2020-06-17T05:41:45.850Z",
    "updated_at": "2020-06-17T05:41:45.851Z"
  }
},
{
  "model": "webapp.order",
  "pk": 46,
  "fields": {
    "user": [
      "admin"
    ],
    "first_name": "Vadim",
    "last_name": "Der",
    "email": "admin@gmail.com",
    "phone": "+996500555555",
    "address": 1,
    "shipping_cost": 7,
    "created_at": "2020-06-17T05:44:59.361Z",
    "updated_at": "2020-06-17T05:44:59.361Z"
  }
},
{
  "model": "webapp.order",
  "pk": 47,
  "fields": {
    "user": null,
    "first_name": "Gera",
    "last_name": "Sulem",
    "email": "gur@gmail.com",
    "phone": "+996555555555",
    "address": 1,
    "shipping_cost": 7,
    "created_at": "2020-06-17T05:49:49.270Z",
    "updated_at": "2020-06-17T05:49:49.270Z"
  }
},
{
  "model": "webapp.order",
  "pk": 48,
  "fields": {
    "user": null,
    "first_name": "Gera",
    "last_name": "Sulem",
    "email": "gur@gmail.com",
    "phone": "+996555555555",
    "address": 1,
    "shipping_cost": 7,
    "created_at": "2020-06-17T05:51:02.918Z",
    "updated_at": "2020-06-17T05:51:02.918Z"
  }
},
{
  "model": "webapp.order",
  "pk": 49,
  "fields": {
    "user": null,
    "first_name": "Gera",
    "last_name": "Sulem",
    "email": "gur@gmail.com",
    "phone": "+996555555555",
    "address": 1,
    "shipping_cost": 7,
    "created_at": "2020-06-17T05:52:06.954Z",
    "updated_at": "2020-06-17T05:52:06.954Z"
  }
},
{
  "model": "webapp.order",
  "pk": 50,
  "fields": {
    "user": null,
    "first_name": "Gera",
    "last_name": "Sulem",
    "email": "gur@gmail.com",
    "phone": "+996555555555",
    "address": 1,
    "shipping_cost": 7,
    "created_at": "2020-06-17T05:54:12.839Z",
    "updated_at": "2020-06-17T05:54:12.839Z"
  }
},
{
  "model": "webapp.order",
  "pk": 51,
  "fields": {
    "user": null,
    "first_name": "Gera",
    "last_name": "Sulem",
    "email": "gur@gmail.com",
    "phone": "+996555555555",
    "address": 1,
    "shipping_cost": 7,
    "created_at": "2020-06-17T05:55:27.319Z",
    "updated_at": "2020-06-17T05:55:27.319Z"
  }
},
{
  "model": "webapp.order",
  "pk": 52,
  "fields": {
    "user": [
      "admin"
    ],
    "first_name": "Gera",
    "last_name": "Sulem",
    "email": "gur@gmail.com",
    "phone": "+996555555555",
    "address": 1,
    "shipping_cost": 7,
    "created_at": "2020-06-17T06:02:27.560Z",
    "updated_at": "2020-06-17T06:02:27.560Z"
  }
},
{
  "model": "webapp.order",
  "pk": 53,
  "fields": {
    "user": [
      "admin"
    ],
    "first_name": "Gera",
    "last_name": "Sulem",
    "email": "gur@gmail.com",
    "phone": "+996555555555",
    "address": 1,
    "shipping_cost": 7,
    "created_at": "2020-06-17T06:03:44.648Z",
    "updated_at": "2020-06-17T06:03:44.648Z"
  }
},
{
  "model": "webapp.order",
  "pk": 54,
  "fields": {
    "user": [
      "admin"
    ],
    "first_name": "Gera",
    "last_name": "Sulem",
    "email": "gur@gmail.com",
    "phone": "+996555555555",
    "address": 1,
    "shipping_cost": 7,
    "created_at": "2020-06-17T06:06:18.193Z",
    "updated_at": "2020-06-17T06:06:18.193Z"
  }
},
{
  "model": "webapp.order",
  "pk": 55,
  "fields": {
    "user": [
      "admin"
    ],
    "first_name": "Admin",
    "last_name": "Adminovich",
    "email": "admin@gmail.com",
    "phone": "+996700556677",
    "address": 1,
    "shipping_cost": 7,
    "created_at": "2020-06-17T06:06:42.675Z",
    "updated_at": "2020-06-17T06:06:42.675Z"
  }
},
{
  "model": "webapp.order",
  "pk": 56,
  "fields": {
    "user": [
      "admin"
    ],
    "first_name": "Admin",
    "last_name": "Adminovich",
    "email": "admin@gmail.com",
    "phone": "+996700556677",
    "address": 1,
    "shipping_cost": 7,
    "created_at": "2020-06-17T06:09:42.080Z",
    "updated_at": "2020-06-17T06:09:42.080Z"
  }
},
{
  "model": "webapp.order",
  "pk": 57,
  "fields": {
    "user": null,
    "first_name": "Musa",
    "last_name": "Luka",
    "email": "gj@mail.ru",
    "phone": "+996500444444",
    "address": 1,
    "shipping_cost": 7,
    "created_at": "2020-06-17T06:19:13.780Z",
    "updated_at": "2020-06-17T06:19:13.780Z"
  }
},
{
  "model": "webapp.order",
  "pk": 58,
  "fields": {
    "user": [
      "admin"
    ],
    "first_name": "Admin",
    "last_name": "Adminovich",
    "email": "admin@gmail.com",
    "phone": "+996700556677",
    "address": 1,
    "shipping_cost": 7,
    "created_at": "2020-06-17T08:14:59.230Z",
    "updated_at": "2020-06-17T08:14:59.230Z"
  }
},
{
  "model": "webapp.order",
  "pk": 59,
  "fields": {
    "user": [
      "admin"
    ],
    "first_name": "Admin",
    "last_name": "Adminovich",
    "email": "admin@gmail.com",
    "phone": "+996700556677",
    "address": 1,
    "shipping_cost": 7,
    "created_at": "2020-06-17T08:17:35.485Z",
    "updated_at": "2020-06-17T08:17:35.485Z"
  }
},
{
  "model": "webapp.order",
  "pk": 60,
  "fields": {
    "user": [
      "admin"
    ],
    "first_name": "Admin",
    "last_name": "Adminovich",
    "email": "admin@gmail.com",
    "phone": "+996700556677",
    "address": 1,
    "shipping_cost": 7,
    "created_at": "2020-06-18T04:33:16.049Z",
    "updated_at": "2020-06-18T04:33:16.049Z"
  }
},
{
  "model": "webapp.order",
  "pk": 61,
  "fields": {
    "user": [
      "admin"
    ],
    "first_name": "Admin",
    "last_name": "Adminovich",
    "email": "admin@gmail.com",
    "phone": "+996700556677",
    "address": 2,
    "shipping_cost": 7,
    "created_at": "2020-06-18T04:33:40.076Z",
    "updated_at": "2020-06-18T04:33:40.076Z"
  }
},
{
  "model": "webapp.order",
  "pk": 62,
  "fields": {
    "user": [
      "admin"
    ],
    "first_name": "Admin",
    "last_name": "Adminovich",
    "email": "admin@gmail.com",
    "phone": "+996700556677",
    "address": 1,
    "shipping_cost": 7,
    "created_at": "2020-06-18T05:34:18.828Z",
    "updated_at": "2020-06-18T05:34:18.828Z"
  }
},
{
  "model": "webapp.order",
  "pk": 63,
  "fields": {
    "user": [
      "admin"
    ],
    "first_name": "Admin",
    "last_name": "Adminovich",
    "email": "admin@gmail.com",
    "phone": "+996700556677",
    "address": 1,
    "shipping_cost": 7,
    "created_at": "2020-06-18T05:50:28.754Z",
    "updated_at": "2020-06-18T05:50:28.754Z"
  }
},
{
  "model": "webapp.order",
  "pk": 64,
  "fields": {
    "user": [
      "admin"
    ],
    "first_name": "Admin",
    "last_name": "Adminovich",
    "email": "admin@gmail.com",
    "phone": "+996700556677",
    "address": 1,
    "shipping_cost": 7,
    "created_at": "2020-06-18T05:53:35.515Z",
    "updated_at": "2020-06-18T05:53:35.515Z"
  }
},
{
  "model": "webapp.order",
  "pk": 65,
  "fields": {
    "user": [
      "admin"
    ],
    "first_name": "Admin",
    "last_name": "Adminovich",
    "email": "admin@gmail.com",
    "phone": "+996700556677",
    "address": 1,
    "shipping_cost": 7,
    "created_at": "2020-06-18T07:02:44.712Z",
    "updated_at": "2020-06-18T07:02:44.712Z"
  }
},
{
  "model": "webapp.order",
  "pk": 66,
  "fields": {
    "user": [
      "admin"
    ],
    "first_name": "Admin",
    "last_name": "Adminovich",
    "email": "admin@gmail.com",
    "phone": "+996700556677",
    "address": 1,
    "shipping_cost": 7,
    "created_at": "2020-06-18T07:24:17.745Z",
    "updated_at": "2020-06-18T07:24:17.745Z"
  }
},
{
  "model": "webapp.order",
  "pk": 67,
  "fields": {
    "user": [
      "admin"
    ],
    "first_name": "Admin",
    "last_name": "Adminovich",
    "email": "admin@gmail.com",
    "phone": "+996700556677",
    "address": 1,
    "shipping_cost": 7,
    "created_at": "2020-06-18T07:25:44.183Z",
    "updated_at": "2020-06-18T07:25:44.183Z"
  }
},
{
  "model": "webapp.order",
  "pk": 68,
  "fields": {
    "user": [
      "admin"
    ],
    "first_name": "Admin",
    "last_name": "Adminovich",
    "email": "admin@gmail.com",
    "phone": "+996700556677",
    "address": 1,
    "shipping_cost": 7,
    "created_at": "2020-06-18T07:25:58.261Z",
    "updated_at": "2020-06-18T07:25:58.261Z"
  }
},
{
  "model": "webapp.order",
  "pk": 69,
  "fields": {
    "user": [
      "admin"
    ],
    "first_name": "Admin",
    "last_name": "Adminovich",
    "email": "admin@gmail.com",
    "phone": "+996700556677",
    "address": 1,
    "shipping_cost": 7,
    "created_at": "2020-06-18T07:32:14.894Z",
    "updated_at": "2020-06-18T07:32:14.894Z"
  }
},
{
  "model": "webapp.order",
  "pk": 76,
  "fields": {
    "user": [
      "admin"
    ],
    "first_name": "Admin",
    "last_name": "Adminovich",
    "email": "admin@gmail.com",
    "phone": "+996700556677",
    "address": 1,
    "shipping_cost": 7,
    "created_at": "2020-06-18T08:25:03.479Z",
    "updated_at": "2020-06-18T08:25:03.479Z"
  }
},
{
  "model": "webapp.order",
  "pk": 81,
  "fields": {
    "user": [
      "admin"
    ],
    "first_name": "Admin",
    "last_name": "Adminovich",
    "email": "admin@gmail.com",
    "phone": "+996700556677",
    "address": 1,
    "shipping_cost": 8,
    "created_at": "2020-06-18T09:36:29.500Z",
    "updated_at": "2020-06-18T09:36:29.500Z"
  }
},
{
  "model": "webapp.order",
  "pk": 82,
  "fields": {
    "user": [
      "admin"
    ],
    "first_name": "Admin",
    "last_name": "Adminovich",
    "email": "admin@gmail.com",
    "phone": "+996700556677",
    "address": 1,
    "shipping_cost": 8,
    "created_at": "2020-06-18T10:06:40.664Z",
    "updated_at": "2020-06-18T10:06:40.664Z"
  }
},
{
  "model": "webapp.order",
  "pk": 83,
  "fields": {
    "user": [
      "admin"
    ],
    "first_name": "Admin",
    "last_name": "Adminovich",
    "email": "admin@gmail.com",
    "phone": "+996700556677",
    "address": 1,
    "shipping_cost": 8,
    "created_at": "2020-06-18T10:07:39.004Z",
    "updated_at": "2020-06-18T10:07:39.004Z"
  }
},
{
  "model": "webapp.order",
  "pk": 84,
  "fields": {
    "user": [
      "admin"
    ],
    "first_name": "Admin",
    "last_name": "Adminovich",
    "email": "admin@gmail.com",
    "phone": "+996700556677",
    "address": 1,
    "shipping_cost": 9,
    "created_at": "2020-06-18T10:42:08.497Z",
    "updated_at": "2020-06-18T10:42:08.497Z"
  }
},
{
  "model": "webapp.order",
  "pk": 85,
  "fields": {
    "user": [
      "admin"
    ],
    "first_name": "Admin",
    "last_name": "Adminovich",
    "email": "admin@gmail.com",
    "phone": "+996700556677",
    "address": 1,
    "shipping_cost": 9,
    "created_at": "2020-06-19T06:01:57.522Z",
    "updated_at": "2020-06-19T06:01:57.523Z"
  }
},
{
  "model": "webapp.order",
  "pk": 86,
  "fields": {
    "user": [
      "admin"
    ],
    "first_name": "Admin",
    "last_name": "Adminovich",
    "email": "admin@gmail.com",
    "phone": "+996700556677",
    "address": 1,
    "shipping_cost": 9,
    "created_at": "2020-06-19T06:03:41.831Z",
    "updated_at": "2020-06-19T06:03:41.831Z"
  }
},
{
  "model": "webapp.order",
  "pk": 87,
  "fields": {
    "user": [
      "admin"
    ],
    "first_name": "Admin",
    "last_name": "Adminovich",
    "email": "admin@gmail.com",
    "phone": "+996700556677",
    "address": 1,
    "shipping_cost": 9,
    "created_at": "2020-06-19T06:04:40.371Z",
    "updated_at": "2020-06-19T06:04:40.371Z"
  }
},
{
  "model": "webapp.orderproduct",
  "pk": 4,
  "fields": {
    "order": 2,
    "product": 1,
    "amount": 1
  }
},
{
  "model": "webapp.orderproduct",
  "pk": 5,
  "fields": {
    "order": 2,
    "product": 3,
    "amount": 2
  }
},
{
  "model": "webapp.orderproduct",
  "pk": 6,
  "fields": {
    "order": 5,
    "product": 3,
    "amount": 1
  }
},
{
  "model": "webapp.orderproduct",
  "pk": 7,
  "fields": {
    "order": 5,
    "product": 4,
    "amount": 1
  }
},
{
  "model": "webapp.orderproduct",
  "pk": 8,
  "fields": {
    "order": 5,
    "product": 1,
    "amount": 1
  }
},
{
  "model": "webapp.orderproduct",
  "pk": 9,
  "fields": {
    "order": 5,
    "product": 2,
    "amount": 1
  }
},
{
  "model": "webapp.orderproduct",
  "pk": 10,
  "fields": {
    "order": 5,
    "product": 5,
    "amount": 1
  }
},
{
  "model": "webapp.orderproduct",
  "pk": 11,
  "fields": {
    "order": 6,
    "product": 3,
    "amount": 1
  }
},
{
  "model": "webapp.orderproduct",
  "pk": 12,
  "fields": {
    "order": 6,
    "product": 4,
    "amount": 1
  }
},
{
  "model": "webapp.orderproduct",
  "pk": 13,
  "fields": {
    "order": 6,
    "product": 1,
    "amount": 1
  }
},
{
  "model": "webapp.orderproduct",
  "pk": 14,
  "fields": {
    "order": 6,
    "product": 2,
    "amount": 1
  }
},
{
  "model": "webapp.orderproduct",
  "pk": 15,
  "fields": {
    "order": 6,
    "product": 5,
    "amount": 1
  }
},
{
  "model": "webapp.orderproduct",
  "pk": 16,
  "fields": {
    "order": 7,
    "product": 3,
    "amount": 1
  }
},
{
  "model": "webapp.orderproduct",
  "pk": 17,
  "fields": {
    "order": 7,
    "product": 4,
    "amount": 1
  }
},
{
  "model": "webapp.orderproduct",
  "pk": 18,
  "fields": {
    "order": 7,
    "product": 1,
    "amount": 1
  }
},
{
  "model": "webapp.orderproduct",
  "pk": 19,
  "fields": {
    "order": 7,
    "product": 2,
    "amount": 1
  }
},
{
  "model": "webapp.orderproduct",
  "pk": 20,
  "fields": {
    "order": 7,
    "product": 5,
    "amount": 1
  }
},
{
  "model": "webapp.orderproduct",
  "pk": 21,
  "fields": {
    "order": 8,
    "product": 3,
    "amount": 1
  }
},
{
  "model": "webapp.orderproduct",
  "pk": 22,
  "fields": {
    "order": 8,
    "product": 4,
    "amount": 1
  }
},
{
  "model": "webapp.orderproduct",
  "pk": 23,
  "fields": {
    "order": 8,
    "product": 1,
    "amount": 1
  }
},
{
  "model": "webapp.orderproduct",
  "pk": 24,
  "fields": {
    "order": 8,
    "product": 2,
    "amount": 1
  }
},
{
  "model": "webapp.orderproduct",
  "pk": 25,
  "fields": {
    "order": 8,
    "product": 5,
    "amount": 1
  }
},
{
  "model": "webapp.orderproduct",
  "pk": 26,
  "fields": {
    "order": 9,
    "product": 3,
    "amount": 1
  }
},
{
  "model": "webapp.orderproduct",
  "pk": 27,
  "fields": {
    "order": 9,
    "product": 4,
    "amount": 1
  }
},
{
  "model": "webapp.orderproduct",
  "pk": 28,
  "fields": {
    "order": 9,
    "product": 1,
    "amount": 1
  }
},
{
  "model": "webapp.orderproduct",
  "pk": 29,
  "fields": {
    "order": 9,
    "product": 2,
    "amount": 1
  }
},
{
  "model": "webapp.orderproduct",
  "pk": 30,
  "fields": {
    "order": 9,
    "product": 5,
    "amount": 1
  }
},
{
  "model": "webapp.orderproduct",
  "pk": 31,
  "fields": {
    "order": 10,
    "product": 3,
    "amount": 1
  }
},
{
  "model": "webapp.orderproduct",
  "pk": 32,
  "fields": {
    "order": 10,
    "product": 4,
    "amount": 1
  }
},
{
  "model": "webapp.orderproduct",
  "pk": 33,
  "fields": {
    "order": 10,
    "product": 1,
    "amount": 1
  }
},
{
  "model": "webapp.orderproduct",
  "pk": 34,
  "fields": {
    "order": 10,
    "product": 2,
    "amount": 1
  }
},
{
  "model": "webapp.orderproduct",
  "pk": 35,
  "fields": {
    "order": 10,
    "product": 5,
    "amount": 1
  }
},
{
  "model": "webapp.orderproduct",
  "pk": 36,
  "fields": {
    "order": 11,
    "product": 3,
    "amount": 1
  }
},
{
  "model": "webapp.orderproduct",
  "pk": 37,
  "fields": {
    "order": 11,
    "product": 4,
    "amount": 1
  }
},
{
  "model": "webapp.orderproduct",
  "pk": 38,
  "fields": {
    "order": 11,
    "product": 1,
    "amount": 1
  }
},
{
  "model": "webapp.orderproduct",
  "pk": 39,
  "fields": {
    "order": 11,
    "product": 2,
    "amount": 1
  }
},
{
  "model": "webapp.orderproduct",
  "pk": 40,
  "fields": {
    "order": 11,
    "product": 5,
    "amount": 1
  }
},
{
  "model": "webapp.orderproduct",
  "pk": 41,
  "fields": {
    "order": 12,
    "product": 3,
    "amount": 1
  }
},
{
  "model": "webapp.orderproduct",
  "pk": 42,
  "fields": {
    "order": 12,
    "product": 4,
    "amount": 1
  }
},
{
  "model": "webapp.orderproduct",
  "pk": 43,
  "fields": {
    "order": 12,
    "product": 1,
    "amount": 1
  }
},
{
  "model": "webapp.orderproduct",
  "pk": 44,
  "fields": {
    "order": 12,
    "product": 2,
    "amount": 1
  }
},
{
  "model": "webapp.orderproduct",
  "pk": 45,
  "fields": {
    "order": 12,
    "product": 5,
    "amount": 1
  }
},
{
  "model": "webapp.orderproduct",
  "pk": 46,
  "fields": {
    "order": 13,
    "product": 3,
    "amount": 1
  }
},
{
  "model": "webapp.orderproduct",
  "pk": 47,
  "fields": {
    "order": 13,
    "product": 4,
    "amount": 1
  }
},
{
  "model": "webapp.orderproduct",
  "pk": 48,
  "fields": {
    "order": 13,
    "product": 1,
    "amount": 1
  }
},
{
  "model": "webapp.orderproduct",
  "pk": 49,
  "fields": {
    "order": 13,
    "product": 2,
    "amount": 1
  }
},
{
  "model": "webapp.orderproduct",
  "pk": 50,
  "fields": {
    "order": 13,
    "product": 5,
    "amount": 1
  }
},
{
  "model": "webapp.orderproduct",
  "pk": 51,
  "fields": {
    "order": 14,
    "product": 3,
    "amount": 1
  }
},
{
  "model": "webapp.orderproduct",
  "pk": 52,
  "fields": {
    "order": 14,
    "product": 4,
    "amount": 1
  }
},
{
  "model": "webapp.orderproduct",
  "pk": 53,
  "fields": {
    "order": 14,
    "product": 1,
    "amount": 1
  }
},
{
  "model": "webapp.orderproduct",
  "pk": 54,
  "fields": {
    "order": 14,
    "product": 2,
    "amount": 1
  }
},
{
  "model": "webapp.orderproduct",
  "pk": 55,
  "fields": {
    "order": 14,
    "product": 5,
    "amount": 1
  }
},
{
  "model": "webapp.orderproduct",
  "pk": 56,
  "fields": {
    "order": 15,
    "product": 3,
    "amount": 1
  }
},
{
  "model": "webapp.orderproduct",
  "pk": 57,
  "fields": {
    "order": 15,
    "product": 4,
    "amount": 1
  }
},
{
  "model": "webapp.orderproduct",
  "pk": 58,
  "fields": {
    "order": 15,
    "product": 1,
    "amount": 1
  }
},
{
  "model": "webapp.orderproduct",
  "pk": 59,
  "fields": {
    "order": 15,
    "product": 2,
    "amount": 1
  }
},
{
  "model": "webapp.orderproduct",
  "pk": 60,
  "fields": {
    "order": 15,
    "product": 5,
    "amount": 1
  }
},
{
  "model": "webapp.orderproduct",
  "pk": 61,
  "fields": {
    "order": 16,
    "product": 3,
    "amount": 1
  }
},
{
  "model": "webapp.orderproduct",
  "pk": 62,
  "fields": {
    "order": 16,
    "product": 4,
    "amount": 1
  }
},
{
  "model": "webapp.orderproduct",
  "pk": 63,
  "fields": {
    "order": 16,
    "product": 1,
    "amount": 1
  }
},
{
  "model": "webapp.orderproduct",
  "pk": 64,
  "fields": {
    "order": 16,
    "product": 2,
    "amount": 1
  }
},
{
  "model": "webapp.orderproduct",
  "pk": 65,
  "fields": {
    "order": 16,
    "product": 5,
    "amount": 1
  }
},
{
  "model": "webapp.orderproduct",
  "pk": 66,
  "fields": {
    "order": 17,
    "product": 3,
    "amount": 1
  }
},
{
  "model": "webapp.orderproduct",
  "pk": 67,
  "fields": {
    "order": 17,
    "product": 4,
    "amount": 1
  }
},
{
  "model": "webapp.orderproduct",
  "pk": 68,
  "fields": {
    "order": 17,
    "product": 1,
    "amount": 1
  }
},
{
  "model": "webapp.orderproduct",
  "pk": 69,
  "fields": {
    "order": 17,
    "product": 2,
    "amount": 1
  }
},
{
  "model": "webapp.orderproduct",
  "pk": 70,
  "fields": {
    "order": 17,
    "product": 5,
    "amount": 1
  }
},
{
  "model": "webapp.orderproduct",
  "pk": 71,
  "fields": {
    "order": 18,
    "product": 3,
    "amount": 1
  }
},
{
  "model": "webapp.orderproduct",
  "pk": 72,
  "fields": {
    "order": 18,
    "product": 4,
    "amount": 1
  }
},
{
  "model": "webapp.orderproduct",
  "pk": 73,
  "fields": {
    "order": 18,
    "product": 1,
    "amount": 1
  }
},
{
  "model": "webapp.orderproduct",
  "pk": 74,
  "fields": {
    "order": 18,
    "product": 2,
    "amount": 1
  }
},
{
  "model": "webapp.orderproduct",
  "pk": 75,
  "fields": {
    "order": 18,
    "product": 5,
    "amount": 1
  }
},
{
  "model": "webapp.orderproduct",
  "pk": 76,
  "fields": {
    "order": 19,
    "product": 3,
    "amount": 1
  }
},
{
  "model": "webapp.orderproduct",
  "pk": 77,
  "fields": {
    "order": 19,
    "product": 4,
    "amount": 1
  }
},
{
  "model": "webapp.orderproduct",
  "pk": 78,
  "fields": {
    "order": 19,
    "product": 1,
    "amount": 1
  }
},
{
  "model": "webapp.orderproduct",
  "pk": 79,
  "fields": {
    "order": 19,
    "product": 2,
    "amount": 1
  }
},
{
  "model": "webapp.orderproduct",
  "pk": 80,
  "fields": {
    "order": 19,
    "product": 5,
    "amount": 1
  }
},
{
  "model": "webapp.orderproduct",
  "pk": 81,
  "fields": {
    "order": 20,
    "product": 3,
    "amount": 1
  }
},
{
  "model": "webapp.orderproduct",
  "pk": 82,
  "fields": {
    "order": 20,
    "product": 4,
    "amount": 1
  }
},
{
  "model": "webapp.orderproduct",
  "pk": 83,
  "fields": {
    "order": 20,
    "product": 1,
    "amount": 1
  }
},
{
  "model": "webapp.orderproduct",
  "pk": 84,
  "fields": {
    "order": 20,
    "product": 2,
    "amount": 1
  }
},
{
  "model": "webapp.orderproduct",
  "pk": 85,
  "fields": {
    "order": 20,
    "product": 5,
    "amount": 1
  }
},
{
  "model": "webapp.orderproduct",
  "pk": 86,
  "fields": {
    "order": 21,
    "product": 3,
    "amount": 1
  }
},
{
  "model": "webapp.orderproduct",
  "pk": 87,
  "fields": {
    "order": 21,
    "product": 4,
    "amount": 1
  }
},
{
  "model": "webapp.orderproduct",
  "pk": 88,
  "fields": {
    "order": 21,
    "product": 1,
    "amount": 1
  }
},
{
  "model": "webapp.orderproduct",
  "pk": 89,
  "fields": {
    "order": 21,
    "product": 2,
    "amount": 1
  }
},
{
  "model": "webapp.orderproduct",
  "pk": 90,
  "fields": {
    "order": 21,
    "product": 5,
    "amount": 1
  }
},
{
  "model": "webapp.orderproduct",
  "pk": 91,
  "fields": {
    "order": 22,
    "product": 3,
    "amount": 1
  }
},
{
  "model": "webapp.orderproduct",
  "pk": 92,
  "fields": {
    "order": 22,
    "product": 4,
    "amount": 1
  }
},
{
  "model": "webapp.orderproduct",
  "pk": 93,
  "fields": {
    "order": 22,
    "product": 1,
    "amount": 1
  }
},
{
  "model": "webapp.orderproduct",
  "pk": 94,
  "fields": {
    "order": 22,
    "product": 2,
    "amount": 1
  }
},
{
  "model": "webapp.orderproduct",
  "pk": 95,
  "fields": {
    "order": 22,
    "product": 5,
    "amount": 1
  }
},
{
  "model": "webapp.orderproduct",
  "pk": 96,
  "fields": {
    "order": 23,
    "product": 3,
    "amount": 1
  }
},
{
  "model": "webapp.orderproduct",
  "pk": 97,
  "fields": {
    "order": 23,
    "product": 4,
    "amount": 1
  }
},
{
  "model": "webapp.orderproduct",
  "pk": 98,
  "fields": {
    "order": 23,
    "product": 1,
    "amount": 1
  }
},
{
  "model": "webapp.orderproduct",
  "pk": 99,
  "fields": {
    "order": 23,
    "product": 2,
    "amount": 1
  }
},
{
  "model": "webapp.orderproduct",
  "pk": 100,
  "fields": {
    "order": 23,
    "product": 5,
    "amount": 1
  }
},
{
  "model": "webapp.orderproduct",
  "pk": 101,
  "fields": {
    "order": 24,
    "product": 3,
    "amount": 1
  }
},
{
  "model": "webapp.orderproduct",
  "pk": 102,
  "fields": {
    "order": 24,
    "product": 4,
    "amount": 1
  }
},
{
  "model": "webapp.orderproduct",
  "pk": 103,
  "fields": {
    "order": 24,
    "product": 1,
    "amount": 1
  }
},
{
  "model": "webapp.orderproduct",
  "pk": 104,
  "fields": {
    "order": 24,
    "product": 2,
    "amount": 1
  }
},
{
  "model": "webapp.orderproduct",
  "pk": 105,
  "fields": {
    "order": 24,
    "product": 5,
    "amount": 1
  }
},
{
  "model": "webapp.orderproduct",
  "pk": 106,
  "fields": {
    "order": 25,
    "product": 3,
    "amount": 1
  }
},
{
  "model": "webapp.orderproduct",
  "pk": 107,
  "fields": {
    "order": 25,
    "product": 4,
    "amount": 1
  }
},
{
  "model": "webapp.orderproduct",
  "pk": 108,
  "fields": {
    "order": 25,
    "product": 1,
    "amount": 1
  }
},
{
  "model": "webapp.orderproduct",
  "pk": 109,
  "fields": {
    "order": 25,
    "product": 2,
    "amount": 1
  }
},
{
  "model": "webapp.orderproduct",
  "pk": 110,
  "fields": {
    "order": 25,
    "product": 5,
    "amount": 1
  }
},
{
  "model": "webapp.orderproduct",
  "pk": 111,
  "fields": {
    "order": 26,
    "product": 3,
    "amount": 1
  }
},
{
  "model": "webapp.orderproduct",
  "pk": 112,
  "fields": {
    "order": 26,
    "product": 4,
    "amount": 1
  }
},
{
  "model": "webapp.orderproduct",
  "pk": 113,
  "fields": {
    "order": 26,
    "product": 1,
    "amount": 1
  }
},
{
  "model": "webapp.orderproduct",
  "pk": 114,
  "fields": {
    "order": 26,
    "product": 2,
    "amount": 1
  }
},
{
  "model": "webapp.orderproduct",
  "pk": 115,
  "fields": {
    "order": 26,
    "product": 5,
    "amount": 1
  }
},
{
  "model": "webapp.orderproduct",
  "pk": 116,
  "fields": {
    "order": 27,
    "product": 3,
    "amount": 1
  }
},
{
  "model": "webapp.orderproduct",
  "pk": 117,
  "fields": {
    "order": 27,
    "product": 4,
    "amount": 1
  }
},
{
  "model": "webapp.orderproduct",
  "pk": 118,
  "fields": {
    "order": 27,
    "product": 1,
    "amount": 1
  }
},
{
  "model": "webapp.orderproduct",
  "pk": 119,
  "fields": {
    "order": 27,
    "product": 2,
    "amount": 1
  }
},
{
  "model": "webapp.orderproduct",
  "pk": 120,
  "fields": {
    "order": 27,
    "product": 5,
    "amount": 1
  }
},
{
  "model": "webapp.orderproduct",
  "pk": 121,
  "fields": {
    "order": 28,
    "product": 3,
    "amount": 1
  }
},
{
  "model": "webapp.orderproduct",
  "pk": 122,
  "fields": {
    "order": 28,
    "product": 4,
    "amount": 1
  }
},
{
  "model": "webapp.orderproduct",
  "pk": 123,
  "fields": {
    "order": 28,
    "product": 1,
    "amount": 1
  }
},
{
  "model": "webapp.orderproduct",
  "pk": 124,
  "fields": {
    "order": 28,
    "product": 2,
    "amount": 1
  }
},
{
  "model": "webapp.orderproduct",
  "pk": 125,
  "fields": {
    "order": 28,
    "product": 5,
    "amount": 1
  }
},
{
  "model": "webapp.orderproduct",
  "pk": 126,
  "fields": {
    "order": 29,
    "product": 3,
    "amount": 1
  }
},
{
  "model": "webapp.orderproduct",
  "pk": 127,
  "fields": {
    "order": 29,
    "product": 4,
    "amount": 1
  }
},
{
  "model": "webapp.orderproduct",
  "pk": 128,
  "fields": {
    "order": 29,
    "product": 1,
    "amount": 1
  }
},
{
  "model": "webapp.orderproduct",
  "pk": 129,
  "fields": {
    "order": 29,
    "product": 2,
    "amount": 1
  }
},
{
  "model": "webapp.orderproduct",
  "pk": 130,
  "fields": {
    "order": 29,
    "product": 5,
    "amount": 1
  }
},
{
  "model": "webapp.orderproduct",
  "pk": 131,
  "fields": {
    "order": 30,
    "product": 3,
    "amount": 1
  }
},
{
  "model": "webapp.orderproduct",
  "pk": 132,
  "fields": {
    "order": 30,
    "product": 4,
    "amount": 1
  }
},
{
  "model": "webapp.orderproduct",
  "pk": 133,
  "fields": {
    "order": 30,
    "product": 1,
    "amount": 1
  }
},
{
  "model": "webapp.orderproduct",
  "pk": 134,
  "fields": {
    "order": 30,
    "product": 2,
    "amount": 1
  }
},
{
  "model": "webapp.orderproduct",
  "pk": 135,
  "fields": {
    "order": 30,
    "product": 5,
    "amount": 1
  }
},
{
  "model": "webapp.orderproduct",
  "pk": 136,
  "fields": {
    "order": 31,
    "product": 3,
    "amount": 1
  }
},
{
  "model": "webapp.orderproduct",
  "pk": 137,
  "fields": {
    "order": 31,
    "product": 4,
    "amount": 1
  }
},
{
  "model": "webapp.orderproduct",
  "pk": 138,
  "fields": {
    "order": 31,
    "product": 1,
    "amount": 1
  }
},
{
  "model": "webapp.orderproduct",
  "pk": 139,
  "fields": {
    "order": 31,
    "product": 2,
    "amount": 1
  }
},
{
  "model": "webapp.orderproduct",
  "pk": 140,
  "fields": {
    "order": 31,
    "product": 5,
    "amount": 1
  }
},
{
  "model": "webapp.orderproduct",
  "pk": 141,
  "fields": {
    "order": 32,
    "product": 3,
    "amount": 1
  }
},
{
  "model": "webapp.orderproduct",
  "pk": 142,
  "fields": {
    "order": 32,
    "product": 4,
    "amount": 1
  }
},
{
  "model": "webapp.orderproduct",
  "pk": 143,
  "fields": {
    "order": 32,
    "product": 1,
    "amount": 1
  }
},
{
  "model": "webapp.orderproduct",
  "pk": 144,
  "fields": {
    "order": 32,
    "product": 2,
    "amount": 1
  }
},
{
  "model": "webapp.orderproduct",
  "pk": 145,
  "fields": {
    "order": 32,
    "product": 5,
    "amount": 1
  }
},
{
  "model": "webapp.orderproduct",
  "pk": 146,
  "fields": {
    "order": 33,
    "product": 3,
    "amount": 1
  }
},
{
  "model": "webapp.orderproduct",
  "pk": 147,
  "fields": {
    "order": 33,
    "product": 4,
    "amount": 1
  }
},
{
  "model": "webapp.orderproduct",
  "pk": 148,
  "fields": {
    "order": 33,
    "product": 1,
    "amount": 1
  }
},
{
  "model": "webapp.orderproduct",
  "pk": 149,
  "fields": {
    "order": 33,
    "product": 2,
    "amount": 1
  }
},
{
  "model": "webapp.orderproduct",
  "pk": 150,
  "fields": {
    "order": 33,
    "product": 5,
    "amount": 1
  }
},
{
  "model": "webapp.orderproduct",
  "pk": 151,
  "fields": {
    "order": 34,
    "product": 3,
    "amount": 1
  }
},
{
  "model": "webapp.orderproduct",
  "pk": 152,
  "fields": {
    "order": 34,
    "product": 4,
    "amount": 1
  }
},
{
  "model": "webapp.orderproduct",
  "pk": 153,
  "fields": {
    "order": 34,
    "product": 1,
    "amount": 1
  }
},
{
  "model": "webapp.orderproduct",
  "pk": 154,
  "fields": {
    "order": 34,
    "product": 2,
    "amount": 1
  }
},
{
  "model": "webapp.orderproduct",
  "pk": 155,
  "fields": {
    "order": 34,
    "product": 5,
    "amount": 1
  }
},
{
  "model": "webapp.orderproduct",
  "pk": 156,
  "fields": {
    "order": 35,
    "product": 3,
    "amount": 1
  }
},
{
  "model": "webapp.orderproduct",
  "pk": 157,
  "fields": {
    "order": 35,
    "product": 4,
    "amount": 1
  }
},
{
  "model": "webapp.orderproduct",
  "pk": 158,
  "fields": {
    "order": 35,
    "product": 1,
    "amount": 1
  }
},
{
  "model": "webapp.orderproduct",
  "pk": 159,
  "fields": {
    "order": 35,
    "product": 2,
    "amount": 1
  }
},
{
  "model": "webapp.orderproduct",
  "pk": 160,
  "fields": {
    "order": 35,
    "product": 5,
    "amount": 1
  }
},
{
  "model": "webapp.orderproduct",
  "pk": 161,
  "fields": {
    "order": 36,
    "product": 3,
    "amount": 1
  }
},
{
  "model": "webapp.orderproduct",
  "pk": 162,
  "fields": {
    "order": 36,
    "product": 4,
    "amount": 1
  }
},
{
  "model": "webapp.orderproduct",
  "pk": 163,
  "fields": {
    "order": 36,
    "product": 1,
    "amount": 1
  }
},
{
  "model": "webapp.orderproduct",
  "pk": 164,
  "fields": {
    "order": 36,
    "product": 2,
    "amount": 1
  }
},
{
  "model": "webapp.orderproduct",
  "pk": 165,
  "fields": {
    "order": 36,
    "product": 5,
    "amount": 1
  }
},
{
  "model": "webapp.orderproduct",
  "pk": 166,
  "fields": {
    "order": 37,
    "product": 3,
    "amount": 1
  }
},
{
  "model": "webapp.orderproduct",
  "pk": 167,
  "fields": {
    "order": 37,
    "product": 4,
    "amount": 1
  }
},
{
  "model": "webapp.orderproduct",
  "pk": 168,
  "fields": {
    "order": 37,
    "product": 1,
    "amount": 1
  }
},
{
  "model": "webapp.orderproduct",
  "pk": 169,
  "fields": {
    "order": 37,
    "product": 2,
    "amount": 1
  }
},
{
  "model": "webapp.orderproduct",
  "pk": 170,
  "fields": {
    "order": 37,
    "product": 5,
    "amount": 1
  }
},
{
  "model": "webapp.orderproduct",
  "pk": 171,
  "fields": {
    "order": 38,
    "product": 3,
    "amount": 1
  }
},
{
  "model": "webapp.orderproduct",
  "pk": 172,
  "fields": {
    "order": 38,
    "product": 4,
    "amount": 1
  }
},
{
  "model": "webapp.orderproduct",
  "pk": 173,
  "fields": {
    "order": 38,
    "product": 1,
    "amount": 1
  }
},
{
  "model": "webapp.orderproduct",
  "pk": 174,
  "fields": {
    "order": 38,
    "product": 2,
    "amount": 1
  }
},
{
  "model": "webapp.orderproduct",
  "pk": 175,
  "fields": {
    "order": 38,
    "product": 5,
    "amount": 1
  }
},
{
  "model": "webapp.orderproduct",
  "pk": 176,
  "fields": {
    "order": 39,
    "product": 3,
    "amount": 1
  }
},
{
  "model": "webapp.orderproduct",
  "pk": 177,
  "fields": {
    "order": 39,
    "product": 4,
    "amount": 1
  }
},
{
  "model": "webapp.orderproduct",
  "pk": 178,
  "fields": {
    "order": 39,
    "product": 1,
    "amount": 4
  }
},
{
  "model": "webapp.orderproduct",
  "pk": 179,
  "fields": {
    "order": 39,
    "product": 6,
    "amount": 1
  }
},
{
  "model": "webapp.orderproduct",
  "pk": 180,
  "fields": {
    "order": 40,
    "product": 3,
    "amount": 1
  }
},
{
  "model": "webapp.orderproduct",
  "pk": 181,
  "fields": {
    "order": 40,
    "product": 4,
    "amount": 1
  }
},
{
  "model": "webapp.orderproduct",
  "pk": 182,
  "fields": {
    "order": 40,
    "product": 1,
    "amount": 4
  }
},
{
  "model": "webapp.orderproduct",
  "pk": 183,
  "fields": {
    "order": 40,
    "product": 6,
    "amount": 1
  }
},
{
  "model": "webapp.orderproduct",
  "pk": 184,
  "fields": {
    "order": 41,
    "product": 3,
    "amount": 1
  }
},
{
  "model": "webapp.orderproduct",
  "pk": 185,
  "fields": {
    "order": 41,
    "product": 4,
    "amount": 1
  }
},
{
  "model": "webapp.orderproduct",
  "pk": 186,
  "fields": {
    "order": 41,
    "product": 1,
    "amount": 4
  }
},
{
  "model": "webapp.orderproduct",
  "pk": 187,
  "fields": {
    "order": 41,
    "product": 6,
    "amount": 1
  }
},
{
  "model": "webapp.orderproduct",
  "pk": 188,
  "fields": {
    "order": 42,
    "product": 3,
    "amount": 1
  }
},
{
  "model": "webapp.orderproduct",
  "pk": 189,
  "fields": {
    "order": 42,
    "product": 4,
    "amount": 1
  }
},
{
  "model": "webapp.orderproduct",
  "pk": 190,
  "fields": {
    "order": 42,
    "product": 1,
    "amount": 4
  }
},
{
  "model": "webapp.orderproduct",
  "pk": 191,
  "fields": {
    "order": 42,
    "product": 6,
    "amount": 1
  }
},
{
  "model": "webapp.orderproduct",
  "pk": 192,
  "fields": {
    "order": 43,
    "product": 3,
    "amount": 1
  }
},
{
  "model": "webapp.orderproduct",
  "pk": 193,
  "fields": {
    "order": 43,
    "product": 4,
    "amount": 1
  }
},
{
  "model": "webapp.orderproduct",
  "pk": 194,
  "fields": {
    "order": 43,
    "product": 1,
    "amount": 4
  }
},
{
  "model": "webapp.orderproduct",
  "pk": 195,
  "fields": {
    "order": 43,
    "product": 6,
    "amount": 1
  }
},
{
  "model": "webapp.orderproduct",
  "pk": 196,
  "fields": {
    "order": 44,
    "product": 3,
    "amount": 1
  }
},
{
  "model": "webapp.orderproduct",
  "pk": 197,
  "fields": {
    "order": 44,
    "product": 4,
    "amount": 1
  }
},
{
  "model": "webapp.orderproduct",
  "pk": 198,
  "fields": {
    "order": 44,
    "product": 1,
    "amount": 4
  }
},
{
  "model": "webapp.orderproduct",
  "pk": 199,
  "fields": {
    "order": 44,
    "product": 6,
    "amount": 1
  }
},
{
  "model": "webapp.orderproduct",
  "pk": 200,
  "fields": {
    "order": 45,
    "product": 3,
    "amount": 1
  }
},
{
  "model": "webapp.orderproduct",
  "pk": 201,
  "fields": {
    "order": 45,
    "product": 4,
    "amount": 1
  }
},
{
  "model": "webapp.orderproduct",
  "pk": 202,
  "fields": {
    "order": 45,
    "product": 1,
    "amount": 4
  }
},
{
  "model": "webapp.orderproduct",
  "pk": 203,
  "fields": {
    "order": 45,
    "product": 6,
    "amount": 1
  }
},
{
  "model": "webapp.orderproduct",
  "pk": 204,
  "fields": {
    "order": 46,
    "product": 3,
    "amount": 1
  }
},
{
  "model": "webapp.orderproduct",
  "pk": 205,
  "fields": {
    "order": 46,
    "product": 4,
    "amount": 1
  }
},
{
  "model": "webapp.orderproduct",
  "pk": 206,
  "fields": {
    "order": 46,
    "product": 1,
    "amount": 4
  }
},
{
  "model": "webapp.orderproduct",
  "pk": 207,
  "fields": {
    "order": 46,
    "product": 6,
    "amount": 1
  }
},
{
  "model": "webapp.orderproduct",
  "pk": 208,
  "fields": {
    "order": 47,
    "product": 3,
    "amount": 1
  }
},
{
  "model": "webapp.orderproduct",
  "pk": 209,
  "fields": {
    "order": 47,
    "product": 4,
    "amount": 1
  }
},
{
  "model": "webapp.orderproduct",
  "pk": 210,
  "fields": {
    "order": 47,
    "product": 1,
    "amount": 4
  }
},
{
  "model": "webapp.orderproduct",
  "pk": 211,
  "fields": {
    "order": 47,
    "product": 6,
    "amount": 1
  }
},
{
  "model": "webapp.orderproduct",
  "pk": 212,
  "fields": {
    "order": 48,
    "product": 3,
    "amount": 1
  }
},
{
  "model": "webapp.orderproduct",
  "pk": 213,
  "fields": {
    "order": 48,
    "product": 4,
    "amount": 1
  }
},
{
  "model": "webapp.orderproduct",
  "pk": 214,
  "fields": {
    "order": 48,
    "product": 1,
    "amount": 4
  }
},
{
  "model": "webapp.orderproduct",
  "pk": 215,
  "fields": {
    "order": 48,
    "product": 6,
    "amount": 1
  }
},
{
  "model": "webapp.orderproduct",
  "pk": 216,
  "fields": {
    "order": 49,
    "product": 3,
    "amount": 1
  }
},
{
  "model": "webapp.orderproduct",
  "pk": 217,
  "fields": {
    "order": 49,
    "product": 4,
    "amount": 1
  }
},
{
  "model": "webapp.orderproduct",
  "pk": 218,
  "fields": {
    "order": 49,
    "product": 1,
    "amount": 4
  }
},
{
  "model": "webapp.orderproduct",
  "pk": 219,
  "fields": {
    "order": 49,
    "product": 6,
    "amount": 1
  }
},
{
  "model": "webapp.orderproduct",
  "pk": 220,
  "fields": {
    "order": 50,
    "product": 3,
    "amount": 1
  }
},
{
  "model": "webapp.orderproduct",
  "pk": 221,
  "fields": {
    "order": 50,
    "product": 4,
    "amount": 1
  }
},
{
  "model": "webapp.orderproduct",
  "pk": 222,
  "fields": {
    "order": 50,
    "product": 1,
    "amount": 4
  }
},
{
  "model": "webapp.orderproduct",
  "pk": 223,
  "fields": {
    "order": 50,
    "product": 6,
    "amount": 1
  }
},
{
  "model": "webapp.orderproduct",
  "pk": 224,
  "fields": {
    "order": 51,
    "product": 3,
    "amount": 1
  }
},
{
  "model": "webapp.orderproduct",
  "pk": 225,
  "fields": {
    "order": 51,
    "product": 4,
    "amount": 1
  }
},
{
  "model": "webapp.orderproduct",
  "pk": 226,
  "fields": {
    "order": 51,
    "product": 1,
    "amount": 4
  }
},
{
  "model": "webapp.orderproduct",
  "pk": 227,
  "fields": {
    "order": 51,
    "product": 6,
    "amount": 1
  }
},
{
  "model": "webapp.orderproduct",
  "pk": 228,
  "fields": {
    "order": 52,
    "product": 3,
    "amount": 1
  }
},
{
  "model": "webapp.orderproduct",
  "pk": 229,
  "fields": {
    "order": 52,
    "product": 4,
    "amount": 1
  }
},
{
  "model": "webapp.orderproduct",
  "pk": 230,
  "fields": {
    "order": 52,
    "product": 1,
    "amount": 4
  }
},
{
  "model": "webapp.orderproduct",
  "pk": 231,
  "fields": {
    "order": 52,
    "product": 6,
    "amount": 1
  }
},
{
  "model": "webapp.orderproduct",
  "pk": 232,
  "fields": {
    "order": 53,
    "product": 3,
    "amount": 1
  }
},
{
  "model": "webapp.orderproduct",
  "pk": 233,
  "fields": {
    "order": 53,
    "product": 4,
    "amount": 1
  }
},
{
  "model": "webapp.orderproduct",
  "pk": 234,
  "fields": {
    "order": 53,
    "product": 1,
    "amount": 4
  }
},
{
  "model": "webapp.orderproduct",
  "pk": 235,
  "fields": {
    "order": 53,
    "product": 6,
    "amount": 1
  }
},
{
  "model": "webapp.orderproduct",
  "pk": 236,
  "fields": {
    "order": 54,
    "product": 3,
    "amount": 1
  }
},
{
  "model": "webapp.orderproduct",
  "pk": 237,
  "fields": {
    "order": 54,
    "product": 4,
    "amount": 1
  }
},
{
  "model": "webapp.orderproduct",
  "pk": 238,
  "fields": {
    "order": 54,
    "product": 1,
    "amount": 4
  }
},
{
  "model": "webapp.orderproduct",
  "pk": 239,
  "fields": {
    "order": 54,
    "product": 6,
    "amount": 1
  }
},
{
  "model": "webapp.orderproduct",
  "pk": 240,
  "fields": {
    "order": 55,
    "product": 3,
    "amount": 1
  }
},
{
  "model": "webapp.orderproduct",
  "pk": 241,
  "fields": {
    "order": 55,
    "product": 4,
    "amount": 1
  }
},
{
  "model": "webapp.orderproduct",
  "pk": 242,
  "fields": {
    "order": 55,
    "product": 1,
    "amount": 4
  }
},
{
  "model": "webapp.orderproduct",
  "pk": 243,
  "fields": {
    "order": 55,
    "product": 6,
    "amount": 1
  }
},
{
  "model": "webapp.orderproduct",
  "pk": 244,
  "fields": {
    "order": 56,
    "product": 3,
    "amount": 1
  }
},
{
  "model": "webapp.orderproduct",
  "pk": 245,
  "fields": {
    "order": 56,
    "product": 4,
    "amount": 1
  }
},
{
  "model": "webapp.orderproduct",
  "pk": 246,
  "fields": {
    "order": 56,
    "product": 1,
    "amount": 4
  }
},
{
  "model": "webapp.orderproduct",
  "pk": 247,
  "fields": {
    "order": 56,
    "product": 6,
    "amount": 1
  }
},
{
  "model": "webapp.orderproduct",
  "pk": 248,
  "fields": {
    "order": 57,
    "product": 3,
    "amount": 3
  }
},
{
  "model": "webapp.orderproduct",
  "pk": 249,
  "fields": {
    "order": 57,
    "product": 1,
    "amount": 2
  }
},
{
  "model": "webapp.orderproduct",
  "pk": 250,
  "fields": {
    "order": 58,
    "product": 3,
    "amount": 3
  }
},
{
  "model": "webapp.orderproduct",
  "pk": 251,
  "fields": {
    "order": 58,
    "product": 1,
    "amount": 2
  }
},
{
  "model": "webapp.orderproduct",
  "pk": 252,
  "fields": {
    "order": 59,
    "product": 3,
    "amount": 3
  }
},
{
  "model": "webapp.orderproduct",
  "pk": 253,
  "fields": {
    "order": 59,
    "product": 1,
    "amount": 2
  }
},
{
  "model": "webapp.orderproduct",
  "pk": 254,
  "fields": {
    "order": 60,
    "product": 3,
    "amount": 3
  }
},
{
  "model": "webapp.orderproduct",
  "pk": 255,
  "fields": {
    "order": 60,
    "product": 1,
    "amount": 2
  }
},
{
  "model": "webapp.orderproduct",
  "pk": 256,
  "fields": {
    "order": 61,
    "product": 3,
    "amount": 3
  }
},
{
  "model": "webapp.orderproduct",
  "pk": 257,
  "fields": {
    "order": 61,
    "product": 1,
    "amount": 2
  }
},
{
  "model": "webapp.orderproduct",
  "pk": 258,
  "fields": {
    "order": 62,
    "product": 3,
    "amount": 3
  }
},
{
  "model": "webapp.orderproduct",
  "pk": 259,
  "fields": {
    "order": 62,
    "product": 1,
    "amount": 2
  }
},
{
  "model": "webapp.orderproduct",
  "pk": 260,
  "fields": {
    "order": 63,
    "product": 3,
    "amount": 3
  }
},
{
  "model": "webapp.orderproduct",
  "pk": 261,
  "fields": {
    "order": 63,
    "product": 1,
    "amount": 2
  }
},
{
  "model": "webapp.orderproduct",
  "pk": 262,
  "fields": {
    "order": 64,
    "product": 3,
    "amount": 3
  }
},
{
  "model": "webapp.orderproduct",
  "pk": 263,
  "fields": {
    "order": 64,
    "product": 1,
    "amount": 2
  }
},
{
  "model": "webapp.orderproduct",
  "pk": 264,
  "fields": {
    "order": 65,
    "product": 3,
    "amount": 3
  }
},
{
  "model": "webapp.orderproduct",
  "pk": 265,
  "fields": {
    "order": 65,
    "product": 1,
    "amount": 2
  }
},
{
  "model": "webapp.orderproduct",
  "pk": 266,
  "fields": {
    "order": 66,
    "product": 3,
    "amount": 3
  }
},
{
  "model": "webapp.orderproduct",
  "pk": 267,
  "fields": {
    "order": 66,
    "product": 1,
    "amount": 2
  }
},
{
  "model": "webapp.orderproduct",
  "pk": 268,
  "fields": {
    "order": 67,
    "product": 3,
    "amount": 3
  }
},
{
  "model": "webapp.orderproduct",
  "pk": 269,
  "fields": {
    "order": 67,
    "product": 1,
    "amount": 2
  }
},
{
  "model": "webapp.orderproduct",
  "pk": 270,
  "fields": {
    "order": 68,
    "product": 3,
    "amount": 3
  }
},
{
  "model": "webapp.orderproduct",
  "pk": 271,
  "fields": {
    "order": 68,
    "product": 1,
    "amount": 2
  }
},
{
  "model": "webapp.orderproduct",
  "pk": 272,
  "fields": {
    "order": 69,
    "product": 3,
    "amount": 3
  }
},
{
  "model": "webapp.orderproduct",
  "pk": 273,
  "fields": {
    "order": 69,
    "product": 1,
    "amount": 2
  }
},
{
  "model": "webapp.orderproduct",
  "pk": 287,
  "fields": {
    "order": 76,
    "product": 1,
    "amount": 1
  }
},
{
  "model": "webapp.orderproduct",
  "pk": 288,
  "fields": {
    "order": 76,
    "product": 5,
    "amount": 3
  }
},
{
  "model": "webapp.orderproduct",
  "pk": 293,
  "fields": {
    "order": 81,
    "product": 3,
    "amount": 1
  }
},
{
  "model": "webapp.orderproduct",
  "pk": 294,
  "fields": {
    "order": 82,
    "product": 3,
    "amount": 1
  }
},
{
  "model": "webapp.orderproduct",
  "pk": 295,
  "fields": {
    "order": 83,
    "product": 3,
    "amount": 1
  }
},
{
  "model": "webapp.orderproduct",
  "pk": 296,
  "fields": {
    "order": 84,
    "product": 3,
    "amount": 1
  }
},
{
  "model": "webapp.orderproduct",
  "pk": 297,
  "fields": {
    "order": 85,
    "product": 3,
    "amount": 2
  }
},
{
  "model": "webapp.orderproduct",
  "pk": 298,
  "fields": {
    "order": 86,
    "product": 3,
    "amount": 3
  }
},
{
  "model": "webapp.orderproduct",
  "pk": 299,
  "fields": {
    "order": 87,
    "product": 3,
    "amount": 3
  }
},
{
  "model": "webapp.review",
  "pk": 1,
  "fields": {
    "product": 1,
    "grade": 3,
    "text": "test",
    "author": [
      "admin"
    ],
    "date": "2020-05-21"
  }
},
{
  "model": "webapp.review",
  "pk": 2,
  "fields": {
    "product": 2,
    "grade": 5,
    "text": "test",
    "author": [
      "admin"
    ],
    "date": "2020-05-22"
  }
},
{
  "model": "webapp.review",
  "pk": 3,
  "fields": {
    "product": 3,
    "grade": 3,
    "text": "test",
    "author": [
      "admin"
    ],
    "date": "2020-05-22"
  }
},
{
  "model": "webapp.review",
  "pk": 4,
  "fields": {
    "product": 4,
    "grade": 3,
    "text": "test",
    "author": [
      "admin"
    ],
    "date": "2020-05-22"
  }
},
{
  "model": "webapp.review",
  "pk": 5,
  "fields": {
    "product": 5,
    "grade": 2,
    "text": "test",
    "author": [
      "admin"
    ],
    "date": "2020-05-22"
  }
},
{
  "model": "webapp.review",
  "pk": 6,
  "fields": {
    "product": 6,
    "grade": 5,
    "text": "test",
    "author": [
      "admin"
    ],
    "date": "2020-05-22"
  }
},
{
  "model": "webapp.review",
  "pk": 7,
  "fields": {
    "product": 8,
    "grade": 1,
    "text": "test",
    "author": [
      "admin"
    ],
    "date": "2020-05-22"
  }
},
{
  "model": "webapp.image",
  "pk": 5,
  "fields": {
    "image": "product_images/9.jpg",
    "product": 1
  }
},
{
  "model": "webapp.image",
  "pk": 6,
  "fields": {
    "image": "product_images/10.jpg",
    "product": 1
  }
},
{
  "model": "webapp.image",
  "pk": 7,
  "fields": {
    "image": "product_images/9_GvwBzQ0.jpg",
    "product": 2
  }
},
{
  "model": "webapp.image",
  "pk": 8,
  "fields": {
    "image": "product_images/10_wt5H4ke.jpg",
    "product": 2
  }
},
{
  "model": "webapp.image",
  "pk": 9,
  "fields": {
    "image": "product_images/1.jpg",
    "product": 6
  }
},
{
  "model": "webapp.image",
  "pk": 10,
  "fields": {
    "image": "product_images/2.jpg",
    "product": 6
  }
},
{
  "model": "webapp.image",
  "pk": 11,
  "fields": {
    "image": "product_images/2_kphiQMP.jpg",
    "product": 7
  }
},
{
  "model": "webapp.image",
  "pk": 12,
  "fields": {
    "image": "product_images/1_ZmwhOQ0.jpg",
    "product": 7
  }
},
{
  "model": "webapp.image",
  "pk": 13,
  "fields": {
    "image": "product_images/6.jpg",
    "product": 3
  }
},
{
  "model": "webapp.image",
  "pk": 14,
  "fields": {
    "image": "product_images/5.png",
    "product": 3
  }
},
{
  "model": "webapp.image",
  "pk": 15,
  "fields": {
    "image": "product_images/5_92NOGa4.png",
    "product": 4
  }
},
{
  "model": "webapp.image",
  "pk": 16,
  "fields": {
    "image": "product_images/6_83ZQTMA.jpg",
    "product": 4
  }
},
{
  "model": "webapp.image",
  "pk": 17,
  "fields": {
    "image": "product_images/3.jpg",
    "product": 5
  }
},
{
  "model": "webapp.image",
  "pk": 18,
  "fields": {
    "image": "product_images/8.jpg",
    "product": 8
  }
},
{
  "model": "webapp.image",
  "pk": 19,
  "fields": {
    "image": "product_images/7.jpg",
    "product": 8
  }
},
{
  "model": "webapp.image",
  "pk": 20,
  "fields": {
    "image": "product_images/7_W8H3uvl.jpg",
    "product": 9
  }
},
{
  "model": "webapp.image",
  "pk": 21,
  "fields": {
    "image": "product_images/8_FJfgp06.jpg",
    "product": 9
  }
},
{
  "model": "webapp.image",
  "pk": 23,
  "fields": {
    "image": "product_images/123.jpg",
    "product": 10
  }
},
{
  "model": "webapp.image",
  "pk": 24,
  "fields": {
    "image": "product_images/234.jpg",
    "product": 10
  }
},
{
  "model": "webapp.image",
  "pk": 25,
  "fields": {
    "image": "product_images/345.jpg",
    "product": 11
  }
},
{
  "model": "webapp.favorite",
  "pk": 171,
  "fields": {
    "product": 1,
    "user": [
      "admin"
    ]
  }
},
{
  "model": "webapp.favorite",
  "pk": 172,
  "fields": {
    "product": 4,
    "user": [
      "admin"
    ]
  }
},
{
  "model": "webapp.favorite",
  "pk": 173,
  "fields": {
    "product": 8,
    "user": [
      "admin"
    ]
  }
},
{
  "model": "webapp.favorite",
  "pk": 175,
  "fields": {
    "product": 10,
    "user": [
      "admin"
    ]
  }
},
{
  "model": "webapp.favorite",
  "pk": 177,
  "fields": {
    "product": 11,
    "user": [
      "admin"
    ]
  }
},
{
  "model": "accounts.token",
  "pk": 1,
  "fields": {
    "user": [
      "user1"
    ],
    "token": "8ca27c33-dc99-4e2d-86e4-977a925fa0be"
  }
},
{
  "model": "accounts.token",
  "pk": 2,
  "fields": {
    "user": [
      "user2"
    ],
    "token": "cbae3beb-673c-4cad-9b4b-5270d7ec7195"
  }
},
{
  "model": "accounts.profile",
  "pk": 1,
  "fields": {
    "user": [
      "admin"
    ],
    "mobile_phone": "+996700556677",
    "photo": "",
    "type": "client",
    "birth_date": "2020-06-12",
    "sex": "woman",
    "company_name": null,
    "inn": null,
    "okpo": null,
    "phone": null
  }
},
{
  "model": "accounts.profile",
  "pk": 2,
  "fields": {
    "user": [
      "user1"
    ],
    "mobile_phone": "+996700432567",
    "photo": "",
    "type": "client",
    "birth_date": null,
    "sex": null,
    "company_name": null,
    "inn": null,
    "okpo": null,
    "phone": null
  }
},
{
  "model": "accounts.profile",
  "pk": 3,
  "fields": {
    "user": [
      "user2"
    ],
    "mobile_phone": "+996700234678",
    "photo": "",
    "type": "client",
    "birth_date": null,
    "sex": null,
    "company_name": null,
    "inn": null,
    "okpo": null,
    "phone": null
  }
},
{
  "model": "admin.logentry",
  "pk": 1,
  "fields": {
    "action_time": "2020-05-02T13:36:55.012Z",
    "user": [
      "admin"
    ],
    "content_type": [
      "webapp",
      "category"
    ],
    "object_id": "1",
    "object_repr": "\u0411\u0443\u043c\u0430\u0433\u0430",
    "action_flag": 1,
    "change_message": "[{\"added\": {}}]"
  }
},
{
  "model": "admin.logentry",
  "pk": 2,
  "fields": {
    "action_time": "2020-05-02T13:37:00.218Z",
    "user": [
      "admin"
    ],
    "content_type": [
      "webapp",
      "category"
    ],
    "object_id": "2",
    "object_repr": "\u041a\u0440\u0430\u0441\u043a\u0438",
    "action_flag": 1,
    "change_message": "[{\"added\": {}}]"
  }
},
{
  "model": "admin.logentry",
  "pk": 3,
  "fields": {
    "action_time": "2020-05-02T13:37:07.097Z",
    "user": [
      "admin"
    ],
    "content_type": [
      "webapp",
      "category"
    ],
    "object_id": "3",
    "object_repr": "\u041f\u043b\u0430\u0441\u0442\u0438\u043b\u0438\u043d\u044b",
    "action_flag": 1,
    "change_message": "[{\"added\": {}}]"
  }
},
{
  "model": "admin.logentry",
  "pk": 4,
  "fields": {
    "action_time": "2020-05-02T13:37:15.048Z",
    "user": [
      "admin"
    ],
    "content_type": [
      "webapp",
      "category"
    ],
    "object_id": "4",
    "object_repr": "\u0422\u0435\u0442\u0440\u0430\u0434\u0438",
    "action_flag": 1,
    "change_message": "[{\"added\": {}}]"
  }
},
{
  "model": "admin.logentry",
  "pk": 5,
  "fields": {
    "action_time": "2020-05-02T13:37:18.657Z",
    "user": [
      "admin"
    ],
    "content_type": [
      "webapp",
      "category"
    ],
    "object_id": "5",
    "object_repr": "\u041a\u0440\u0430\u0441\u043a\u0438",
    "action_flag": 1,
    "change_message": "[{\"added\": {}}]"
  }
},
{
  "model": "admin.logentry",
  "pk": 6,
  "fields": {
    "action_time": "2020-05-02T13:41:59.313Z",
    "user": [
      "admin"
    ],
    "content_type": [
      "webapp",
      "category"
    ],
    "object_id": "2",
    "object_repr": "\u041a\u0430\u0440\u0430\u043d\u0434\u0430\u0448\u0438",
    "action_flag": 2,
    "change_message": "[{\"changed\": {\"fields\": [\"category_name\"]}}]"
  }
},
{
  "model": "admin.logentry",
  "pk": 7,
  "fields": {
    "action_time": "2020-05-02T13:43:04.614Z",
    "user": [
      "admin"
    ],
    "content_type": [
      "webapp",
      "product"
    ],
    "object_id": "1",
    "object_repr": "\u041a\u0430\u0440\u0430\u043d\u0434\u0430\u0448",
    "action_flag": 1,
    "change_message": "[{\"added\": {}}]"
  }
},
{
  "model": "admin.logentry",
  "pk": 8,
  "fields": {
    "action_time": "2020-05-02T13:43:25.038Z",
    "user": [
      "admin"
    ],
    "content_type": [
      "webapp",
      "product"
    ],
    "object_id": "2",
    "object_repr": "\u041a\u0430\u0440\u0430\u043d\u0434\u0430\u0448",
    "action_flag": 1,
    "change_message": "[{\"added\": {}}]"
  }
},
{
  "model": "admin.logentry",
  "pk": 9,
  "fields": {
    "action_time": "2020-05-02T13:43:53.105Z",
    "user": [
      "admin"
    ],
    "content_type": [
      "webapp",
      "product"
    ],
    "object_id": "3",
    "object_repr": "\u0411\u0443\u043c\u0430\u0433\u0430 \u0421\u043d\u0435\u0433\u0443\u0440\u043e\u0447\u043a\u0430",
    "action_flag": 1,
    "change_message": "[{\"added\": {}}]"
  }
},
{
  "model": "admin.logentry",
  "pk": 10,
  "fields": {
    "action_time": "2020-05-02T13:44:10.715Z",
    "user": [
      "admin"
    ],
    "content_type": [
      "webapp",
      "product"
    ],
    "object_id": "4",
    "object_repr": "\u0411\u0443\u043c\u0430\u0433\u0430",
    "action_flag": 1,
    "change_message": "[{\"added\": {}}]"
  }
},
{
  "model": "admin.logentry",
  "pk": 11,
  "fields": {
    "action_time": "2020-05-02T13:44:49.009Z",
    "user": [
      "admin"
    ],
    "content_type": [
      "webapp",
      "product"
    ],
    "object_id": "5",
    "object_repr": "\u041a\u0440\u0430\u0441\u043a\u0438",
    "action_flag": 1,
    "change_message": "[{\"added\": {}}]"
  }
},
{
  "model": "admin.logentry",
  "pk": 12,
  "fields": {
    "action_time": "2020-05-02T13:45:01.232Z",
    "user": [
      "admin"
    ],
    "content_type": [
      "webapp",
      "product"
    ],
    "object_id": "2",
    "object_repr": "\u041a\u0430\u0440\u0430\u043d\u0434\u0430\u0448",
    "action_flag": 2,
    "change_message": "[{\"changed\": {\"fields\": [\"photo\"]}}]"
  }
},
{
  "model": "admin.logentry",
  "pk": 13,
  "fields": {
    "action_time": "2020-05-02T13:45:14.495Z",
    "user": [
      "admin"
    ],
    "content_type": [
      "webapp",
      "product"
    ],
    "object_id": "1",
    "object_repr": "\u041a\u0430\u0440\u0430\u043d\u0434\u0430\u0448",
    "action_flag": 2,
    "change_message": "[{\"changed\": {\"fields\": [\"photo\"]}}]"
  }
},
{
  "model": "admin.logentry",
  "pk": 14,
  "fields": {
    "action_time": "2020-05-02T13:45:32.294Z",
    "user": [
      "admin"
    ],
    "content_type": [
      "webapp",
      "product"
    ],
    "object_id": "6",
    "object_repr": "\u041f\u043b\u0430\u0441\u0442\u0438\u043b\u0438\u043d",
    "action_flag": 1,
    "change_message": "[{\"added\": {}}]"
  }
},
{
  "model": "admin.logentry",
  "pk": 15,
  "fields": {
    "action_time": "2020-05-02T13:45:51.923Z",
    "user": [
      "admin"
    ],
    "content_type": [
      "webapp",
      "product"
    ],
    "object_id": "7",
    "object_repr": "\u041f\u043b\u0430\u0441\u0442\u0438\u043b\u0438\u043d",
    "action_flag": 1,
    "change_message": "[{\"added\": {}}]"
  }
},
{
  "model": "admin.logentry",
  "pk": 16,
  "fields": {
    "action_time": "2020-05-02T13:46:13.509Z",
    "user": [
      "admin"
    ],
    "content_type": [
      "webapp",
      "product"
    ],
    "object_id": "8",
    "object_repr": "\u0422\u0435\u0442\u0440\u0430\u0434\u0438",
    "action_flag": 1,
    "change_message": "[{\"added\": {}}]"
  }
},
{
  "model": "admin.logentry",
  "pk": 17,
  "fields": {
    "action_time": "2020-05-02T13:46:30.400Z",
    "user": [
      "admin"
    ],
    "content_type": [
      "webapp",
      "product"
    ],
    "object_id": "9",
    "object_repr": "\u0422\u0435\u0442\u0440\u0430\u0434\u0438",
    "action_flag": 1,
    "change_message": "[{\"added\": {}}]"
  }
},
{
  "model": "admin.logentry",
  "pk": 18,
  "fields": {
    "action_time": "2020-05-21T10:22:33.501Z",
    "user": [
      "admin"
    ],
    "content_type": [
      "webapp",
      "news"
    ],
    "object_id": "1",
    "object_repr": "test",
    "action_flag": 1,
    "change_message": "[{\"added\": {}}]"
  }
},
{
  "model": "admin.logentry",
  "pk": 19,
  "fields": {
    "action_time": "2020-05-22T09:38:59.993Z",
    "user": [
      "admin"
    ],
    "content_type": [
      "webapp",
      "news"
    ],
    "object_id": "2",
    "object_repr": "test",
    "action_flag": 1,
    "change_message": "[{\"added\": {}}]"
  }
},
{
  "model": "admin.logentry",
  "pk": 20,
  "fields": {
    "action_time": "2020-05-22T09:39:11.789Z",
    "user": [
      "admin"
    ],
    "content_type": [
      "webapp",
      "news"
    ],
    "object_id": "3",
    "object_repr": "test",
    "action_flag": 1,
    "change_message": "[{\"added\": {}}]"
  }
},
{
  "model": "admin.logentry",
  "pk": 21,
  "fields": {
    "action_time": "2020-05-22T09:39:22.272Z",
    "user": [
      "admin"
    ],
    "content_type": [
      "webapp",
      "news"
    ],
    "object_id": "4",
    "object_repr": "test",
    "action_flag": 1,
    "change_message": "[{\"added\": {}}]"
  }
},
{
  "model": "admin.logentry",
  "pk": 22,
  "fields": {
    "action_time": "2020-05-22T09:39:36.406Z",
    "user": [
      "admin"
    ],
    "content_type": [
      "webapp",
      "news"
    ],
    "object_id": "5",
    "object_repr": "test",
    "action_flag": 1,
    "change_message": "[{\"added\": {}}]"
  }
},
{
  "model": "admin.logentry",
  "pk": 23,
  "fields": {
    "action_time": "2020-05-22T09:39:48.417Z",
    "user": [
      "admin"
    ],
    "content_type": [
      "webapp",
      "news"
    ],
    "object_id": "6",
    "object_repr": "test",
    "action_flag": 1,
    "change_message": "[{\"added\": {}}]"
  }
},
{
  "model": "admin.logentry",
  "pk": 24,
  "fields": {
    "action_time": "2020-05-22T09:39:57.378Z",
    "user": [
      "admin"
    ],
    "content_type": [
      "webapp",
      "news"
    ],
    "object_id": "7",
    "object_repr": "test",
    "action_flag": 1,
    "change_message": "[{\"added\": {}}]"
  }
},
{
  "model": "admin.logentry",
  "pk": 25,
  "fields": {
    "action_time": "2020-05-22T10:02:59.331Z",
    "user": [
      "admin"
    ],
    "content_type": [
      "webapp",
      "category"
    ],
    "object_id": "1",
    "object_repr": "\u0411\u0443\u043c\u0430\u0436\u043d\u0430\u044f \u043f\u0440\u043e\u0434\u0443\u043a\u0446\u0438\u044f",
    "action_flag": 2,
    "change_message": "[{\"changed\": {\"fields\": [\"photo\"]}}]"
  }
},
{
  "model": "admin.logentry",
  "pk": 26,
  "fields": {
    "action_time": "2020-05-22T10:14:52Z",
    "user": [
      "admin"
    ],
    "content_type": [
      "webapp",
      "category"
    ],
    "object_id": "2",
    "object_repr": "\u0422\u043e\u0432\u0430\u0440\u044b \u0434\u043b\u044f \u0442\u0432\u043e\u0440\u0447\u0435\u0441\u0442\u0432\u0430",
    "action_flag": 2,
    "change_message": "[{\"changed\": {\"fields\": [\"photo\"]}}]"
  }
},
{
  "model": "admin.logentry",
  "pk": 27,
  "fields": {
    "action_time": "2020-05-22T10:14:59.747Z",
    "user": [
      "admin"
    ],
    "content_type": [
      "webapp",
      "category"
    ],
    "object_id": "2",
    "object_repr": "\u0422\u043e\u0432\u0430\u0440\u044b \u0434\u043b\u044f \u0442\u0432\u043e\u0440\u0447\u0435\u0441\u0442\u0432\u0430",
    "action_flag": 2,
    "change_message": "[{\"changed\": {\"fields\": [\"photo\"]}}]"
  }
},
{
  "model": "admin.logentry",
  "pk": 28,
  "fields": {
    "action_time": "2020-05-22T10:15:12.393Z",
    "user": [
      "admin"
    ],
    "content_type": [
      "webapp",
      "category"
    ],
    "object_id": "3",
    "object_repr": "\u041a\u0430\u043d\u0446\u0442\u043e\u0432\u0430\u0440\u044b",
    "action_flag": 2,
    "change_message": "[{\"changed\": {\"fields\": [\"photo\"]}}]"
  }
},
{
  "model": "admin.logentry",
  "pk": 29,
  "fields": {
    "action_time": "2020-05-22T10:15:47.420Z",
    "user": [
      "admin"
    ],
    "content_type": [
      "webapp",
      "category"
    ],
    "object_id": "4",
    "object_repr": "\u0425\u043e\u0437\u044f\u0439\u0441\u0442\u0432\u0435\u043d\u043d\u044b\u0435 \u0442\u043e\u0432\u0430\u0440\u044b",
    "action_flag": 2,
    "change_message": "[{\"changed\": {\"fields\": [\"photo\"]}}]"
  }
},
{
  "model": "admin.logentry",
  "pk": 30,
  "fields": {
    "action_time": "2020-05-22T10:16:19.614Z",
    "user": [
      "admin"
    ],
    "content_type": [
      "webapp",
      "category"
    ],
    "object_id": "5",
    "object_repr": "\u041a\u043e\u043c\u043f\u044c\u044e\u0442\u0435\u0440\u044b \u0438 \u043f\u0435\u0440\u0438\u0444\u0435\u0440\u0438\u044f",
    "action_flag": 2,
    "change_message": "[{\"changed\": {\"fields\": [\"photo\"]}}]"
  }
},
{
  "model": "admin.logentry",
  "pk": 31,
  "fields": {
    "action_time": "2020-05-22T10:16:27.369Z",
    "user": [
      "admin"
    ],
    "content_type": [
      "webapp",
      "category"
    ],
    "object_id": "7",
    "object_repr": "\u041a\u0430\u0440\u0442\u0440\u0438\u0434\u0436\u0438",
    "action_flag": 2,
    "change_message": "[{\"changed\": {\"fields\": [\"photo\"]}}]"
  }
},
{
  "model": "admin.logentry",
  "pk": 32,
  "fields": {
    "action_time": "2020-05-22T10:16:34.032Z",
    "user": [
      "admin"
    ],
    "content_type": [
      "webapp",
      "category"
    ],
    "object_id": "8",
    "object_repr": "\u0422\u043e\u0432\u0430\u0440\u044b \u0434\u043b\u044f \u0448\u043a\u043e\u043b\u044b",
    "action_flag": 2,
    "change_message": "[{\"changed\": {\"fields\": [\"photo\"]}}]"
  }
},
{
  "model": "admin.logentry",
  "pk": 33,
  "fields": {
    "action_time": "2020-05-22T10:16:43.556Z",
    "user": [
      "admin"
    ],
    "content_type": [
      "webapp",
      "category"
    ],
    "object_id": "9",
    "object_repr": "\u041e\u0444\u0438\u0441\u043d\u0430\u044f \u0442\u0435\u0445\u043d\u0438\u043a\u0430",
    "action_flag": 2,
    "change_message": "[{\"changed\": {\"fields\": [\"photo\"]}}]"
  }
},
{
  "model": "admin.logentry",
  "pk": 34,
  "fields": {
    "action_time": "2020-05-22T10:17:08.308Z",
    "user": [
      "admin"
    ],
    "content_type": [
      "webapp",
      "category"
    ],
    "object_id": "10",
    "object_repr": "\u041f\u043e\u0441\u0443\u0434\u0430 \u0438 \u0442\u0435\u043a\u0441\u0442\u0438\u043b\u044c",
    "action_flag": 2,
    "change_message": "[{\"changed\": {\"fields\": [\"photo\"]}}]"
  }
},
{
  "model": "admin.logentry",
  "pk": 35,
  "fields": {
    "action_time": "2020-05-22T10:17:15.757Z",
    "user": [
      "admin"
    ],
    "content_type": [
      "webapp",
      "category"
    ],
    "object_id": "11",
    "object_repr": "\u0422\u043e\u0432\u0430\u0440\u044b \u0434\u043b\u044f \u0442\u043e\u0440\u0433\u043e\u0432\u043b\u0438",
    "action_flag": 2,
    "change_message": "[{\"changed\": {\"fields\": [\"photo\"]}}]"
  }
},
{
  "model": "admin.logentry",
  "pk": 36,
  "fields": {
    "action_time": "2020-05-22T11:18:23.170Z",
    "user": [
      "admin"
    ],
    "content_type": [
      "webapp",
      "category"
    ],
    "object_id": "13",
    "object_repr": "Test",
    "action_flag": 3,
    "change_message": ""
  }
},
{
  "model": "admin.logentry",
  "pk": 37,
  "fields": {
    "action_time": "2020-05-22T11:18:32.086Z",
    "user": [
      "admin"
    ],
    "content_type": [
      "webapp",
      "category"
    ],
    "object_id": "1",
    "object_repr": "\u0411\u0443\u043c\u0430\u0436\u043d\u0430\u044f \u043f\u0440\u043e\u0434\u0443\u043a\u0446\u0438\u044f",
    "action_flag": 2,
    "change_message": "[{\"changed\": {\"fields\": [\"photo\"]}}]"
  }
},
{
  "model": "admin.logentry",
  "pk": 52,
  "fields": {
    "action_time": "2020-05-31T16:16:46.345Z",
    "user": [
      "admin"
    ],
    "content_type": [
      "webapp",
      "image"
    ],
    "object_id": "5",
    "object_repr": "Image object (5)",
    "action_flag": 1,
    "change_message": "[{\"added\": {}}]"
  }
},
{
  "model": "admin.logentry",
  "pk": 53,
  "fields": {
    "action_time": "2020-05-31T16:16:57.154Z",
    "user": [
      "admin"
    ],
    "content_type": [
      "webapp",
      "image"
    ],
    "object_id": "6",
    "object_repr": "Image object (6)",
    "action_flag": 1,
    "change_message": "[{\"added\": {}}]"
  }
},
{
  "model": "admin.logentry",
  "pk": 54,
  "fields": {
    "action_time": "2020-05-31T16:17:06.173Z",
    "user": [
      "admin"
    ],
    "content_type": [
      "webapp",
      "image"
    ],
    "object_id": "7",
    "object_repr": "Image object (7)",
    "action_flag": 1,
    "change_message": "[{\"added\": {}}]"
  }
},
{
  "model": "admin.logentry",
  "pk": 55,
  "fields": {
    "action_time": "2020-05-31T16:17:14.384Z",
    "user": [
      "admin"
    ],
    "content_type": [
      "webapp",
      "image"
    ],
    "object_id": "8",
    "object_repr": "Image object (8)",
    "action_flag": 1,
    "change_message": "[{\"added\": {}}]"
  }
},
{
  "model": "admin.logentry",
  "pk": 56,
  "fields": {
    "action_time": "2020-05-31T16:17:44.742Z",
    "user": [
      "admin"
    ],
    "content_type": [
      "webapp",
      "image"
    ],
    "object_id": "9",
    "object_repr": "Image object (9)",
    "action_flag": 1,
    "change_message": "[{\"added\": {}}]"
  }
},
{
  "model": "admin.logentry",
  "pk": 57,
  "fields": {
    "action_time": "2020-05-31T16:17:57.305Z",
    "user": [
      "admin"
    ],
    "content_type": [
      "webapp",
      "image"
    ],
    "object_id": "10",
    "object_repr": "Image object (10)",
    "action_flag": 1,
    "change_message": "[{\"added\": {}}]"
  }
},
{
  "model": "admin.logentry",
  "pk": 58,
  "fields": {
    "action_time": "2020-05-31T16:18:37.210Z",
    "user": [
      "admin"
    ],
    "content_type": [
      "webapp",
      "image"
    ],
    "object_id": "11",
    "object_repr": "Image object (11)",
    "action_flag": 1,
    "change_message": "[{\"added\": {}}]"
  }
},
{
  "model": "admin.logentry",
  "pk": 59,
  "fields": {
    "action_time": "2020-05-31T16:19:11.467Z",
    "user": [
      "admin"
    ],
    "content_type": [
      "webapp",
      "image"
    ],
    "object_id": "12",
    "object_repr": "Image object (12)",
    "action_flag": 1,
    "change_message": "[{\"added\": {}}]"
  }
},
{
  "model": "admin.logentry",
  "pk": 60,
  "fields": {
    "action_time": "2020-05-31T16:19:20.391Z",
    "user": [
      "admin"
    ],
    "content_type": [
      "webapp",
      "image"
    ],
    "object_id": "13",
    "object_repr": "Image object (13)",
    "action_flag": 1,
    "change_message": "[{\"added\": {}}]"
  }
},
{
  "model": "admin.logentry",
  "pk": 61,
  "fields": {
    "action_time": "2020-05-31T16:19:31.997Z",
    "user": [
      "admin"
    ],
    "content_type": [
      "webapp",
      "image"
    ],
    "object_id": "14",
    "object_repr": "Image object (14)",
    "action_flag": 1,
    "change_message": "[{\"added\": {}}]"
  }
},
{
  "model": "admin.logentry",
  "pk": 62,
  "fields": {
    "action_time": "2020-05-31T16:19:42.718Z",
    "user": [
      "admin"
    ],
    "content_type": [
      "webapp",
      "image"
    ],
    "object_id": "15",
    "object_repr": "Image object (15)",
    "action_flag": 1,
    "change_message": "[{\"added\": {}}]"
  }
},
{
  "model": "admin.logentry",
  "pk": 63,
  "fields": {
    "action_time": "2020-05-31T16:19:52.523Z",
    "user": [
      "admin"
    ],
    "content_type": [
      "webapp",
      "image"
    ],
    "object_id": "16",
    "object_repr": "Image object (16)",
    "action_flag": 1,
    "change_message": "[{\"added\": {}}]"
  }
},
{
  "model": "admin.logentry",
  "pk": 64,
  "fields": {
    "action_time": "2020-05-31T16:20:07.280Z",
    "user": [
      "admin"
    ],
    "content_type": [
      "webapp",
      "image"
    ],
    "object_id": "17",
    "object_repr": "Image object (17)",
    "action_flag": 1,
    "change_message": "[{\"added\": {}}]"
  }
},
{
  "model": "admin.logentry",
  "pk": 65,
  "fields": {
    "action_time": "2020-05-31T16:20:16.819Z",
    "user": [
      "admin"
    ],
    "content_type": [
      "webapp",
      "image"
    ],
    "object_id": "18",
    "object_repr": "Image object (18)",
    "action_flag": 1,
    "change_message": "[{\"added\": {}}]"
  }
},
{
  "model": "admin.logentry",
  "pk": 66,
  "fields": {
    "action_time": "2020-05-31T16:20:24.851Z",
    "user": [
      "admin"
    ],
    "content_type": [
      "webapp",
      "image"
    ],
    "object_id": "19",
    "object_repr": "Image object (19)",
    "action_flag": 1,
    "change_message": "[{\"added\": {}}]"
  }
},
{
  "model": "admin.logentry",
  "pk": 67,
  "fields": {
    "action_time": "2020-05-31T16:20:32.011Z",
    "user": [
      "admin"
    ],
    "content_type": [
      "webapp",
      "image"
    ],
    "object_id": "20",
    "object_repr": "Image object (20)",
    "action_flag": 1,
    "change_message": "[{\"added\": {}}]"
  }
},
{
  "model": "admin.logentry",
  "pk": 68,
  "fields": {
    "action_time": "2020-05-31T16:20:40.189Z",
    "user": [
      "admin"
    ],
    "content_type": [
      "webapp",
      "image"
    ],
    "object_id": "21",
    "object_repr": "Image object (21)",
    "action_flag": 1,
    "change_message": "[{\"added\": {}}]"
  }
},
{
  "model": "admin.logentry",
  "pk": 69,
  "fields": {
    "action_time": "2020-06-05T06:19:50.287Z",
    "user": [
      "admin"
    ],
    "content_type": [
      "webapp",
      "tag"
    ],
    "object_id": "3",
    "object_repr": "tyuu",
    "action_flag": 3,
    "change_message": ""
  }
},
{
  "model": "admin.logentry",
  "pk": 70,
  "fields": {
    "action_time": "2020-06-05T06:19:50.299Z",
    "user": [
      "admin"
    ],
    "content_type": [
      "webapp",
      "tag"
    ],
    "object_id": "2",
    "object_repr": "gfr",
    "action_flag": 3,
    "change_message": ""
  }
},
{
  "model": "admin.logentry",
  "pk": 71,
  "fields": {
    "action_time": "2020-06-05T06:19:50.302Z",
    "user": [
      "admin"
    ],
    "content_type": [
      "webapp",
      "tag"
    ],
    "object_id": "1",
    "object_repr": "test",
    "action_flag": 3,
    "change_message": ""
  }
},
{
  "model": "admin.logentry",
  "pk": 72,
  "fields": {
    "action_time": "2020-06-05T06:19:57.082Z",
    "user": [
      "admin"
    ],
    "content_type": [
      "webapp",
      "tag"
    ],
    "object_id": "4",
    "object_repr": "dodo",
    "action_flag": 3,
    "change_message": ""
  }
},
{
  "model": "admin.logentry",
  "pk": 73,
  "fields": {
    "action_time": "2020-06-05T06:20:22.998Z",
    "user": [
      "admin"
    ],
    "content_type": [
      "webapp",
      "product"
    ],
    "object_id": "22",
    "object_repr": "dodo",
    "action_flag": 3,
    "change_message": ""
  }
},
{
  "model": "admin.logentry",
  "pk": 74,
  "fields": {
    "action_time": "2020-06-05T06:20:23.009Z",
    "user": [
      "admin"
    ],
    "content_type": [
      "webapp",
      "product"
    ],
    "object_id": "21",
    "object_repr": "uyyutiukjhb",
    "action_flag": 3,
    "change_message": ""
  }
},
{
  "model": "admin.logentry",
  "pk": 75,
  "fields": {
    "action_time": "2020-06-05T06:20:23.013Z",
    "user": [
      "admin"
    ],
    "content_type": [
      "webapp",
      "product"
    ],
    "object_id": "20",
    "object_repr": "testtest",
    "action_flag": 3,
    "change_message": ""
  }
},
{
  "model": "admin.logentry",
  "pk": 76,
  "fields": {
    "action_time": "2020-06-05T06:20:23.016Z",
    "user": [
      "admin"
    ],
    "content_type": [
      "webapp",
      "product"
    ],
    "object_id": "19",
    "object_repr": "testtest",
    "action_flag": 3,
    "change_message": ""
  }
},
{
  "model": "admin.logentry",
  "pk": 77,
  "fields": {
    "action_time": "2020-06-05T06:20:23.018Z",
    "user": [
      "admin"
    ],
    "content_type": [
      "webapp",
      "product"
    ],
    "object_id": "18",
    "object_repr": "test000",
    "action_flag": 3,
    "change_message": ""
  }
},
{
  "model": "admin.logentry",
  "pk": 78,
  "fields": {
    "action_time": "2020-06-05T06:20:23.020Z",
    "user": [
      "admin"
    ],
    "content_type": [
      "webapp",
      "product"
    ],
    "object_id": "17",
    "object_repr": "test000",
    "action_flag": 3,
    "change_message": ""
  }
},
{
  "model": "admin.logentry",
  "pk": 79,
  "fields": {
    "action_time": "2020-06-05T06:20:23.022Z",
    "user": [
      "admin"
    ],
    "content_type": [
      "webapp",
      "product"
    ],
    "object_id": "16",
    "object_repr": "test5",
    "action_flag": 3,
    "change_message": ""
  }
},
{
  "model": "admin.logentry",
  "pk": 80,
  "fields": {
    "action_time": "2020-06-05T06:20:23.024Z",
    "user": [
      "admin"
    ],
    "content_type": [
      "webapp",
      "product"
    ],
    "object_id": "15",
    "object_repr": "test5",
    "action_flag": 3,
    "change_message": ""
  }
},
{
  "model": "admin.logentry",
  "pk": 81,
  "fields": {
    "action_time": "2020-06-05T06:20:23.025Z",
    "user": [
      "admin"
    ],
    "content_type": [
      "webapp",
      "product"
    ],
    "object_id": "14",
    "object_repr": "test5",
    "action_flag": 3,
    "change_message": ""
  }
},
{
  "model": "admin.logentry",
  "pk": 82,
  "fields": {
    "action_time": "2020-06-05T06:20:23.027Z",
    "user": [
      "admin"
    ],
    "content_type": [
      "webapp",
      "product"
    ],
    "object_id": "13",
    "object_repr": "test4",
    "action_flag": 3,
    "change_message": ""
  }
},
{
  "model": "admin.logentry",
  "pk": 83,
  "fields": {
    "action_time": "2020-06-05T06:20:23.029Z",
    "user": [
      "admin"
    ],
    "content_type": [
      "webapp",
      "product"
    ],
    "object_id": "12",
    "object_repr": "test3",
    "action_flag": 3,
    "change_message": ""
  }
},
{
  "model": "admin.logentry",
  "pk": 84,
  "fields": {
    "action_time": "2020-06-05T06:20:23.031Z",
    "user": [
      "admin"
    ],
    "content_type": [
      "webapp",
      "product"
    ],
    "object_id": "11",
    "object_repr": "test3",
    "action_flag": 3,
    "change_message": ""
  }
},
{
  "model": "admin.logentry",
  "pk": 85,
  "fields": {
    "action_time": "2020-06-05T06:20:23.033Z",
    "user": [
      "admin"
    ],
    "content_type": [
      "webapp",
      "product"
    ],
    "object_id": "10",
    "object_repr": "test",
    "action_flag": 3,
    "change_message": ""
  }
},
{
  "model": "admin.logentry",
  "pk": 86,
  "fields": {
    "action_time": "2020-06-11T08:49:03.861Z",
    "user": [
      "admin"
    ],
    "content_type": [
      "webapp",
      "product"
    ],
    "object_id": "9",
    "object_repr": "\u0422\u0435\u0442\u0440\u0430\u0434\u0438",
    "action_flag": 2,
    "change_message": "[{\"changed\": {\"fields\": [\"description\"]}}]"
  }
},
{
  "model": "admin.logentry",
  "pk": 87,
  "fields": {
    "action_time": "2020-06-11T08:49:25.152Z",
    "user": [
      "admin"
    ],
    "content_type": [
      "webapp",
      "product"
    ],
    "object_id": "8",
    "object_repr": "\u0422\u0435\u0442\u0440\u0430\u0434\u0438",
    "action_flag": 2,
    "change_message": "[{\"changed\": {\"fields\": [\"description\"]}}]"
  }
},
{
  "model": "admin.logentry",
  "pk": 88,
  "fields": {
    "action_time": "2020-06-11T08:50:04.061Z",
    "user": [
      "admin"
    ],
    "content_type": [
      "webapp",
      "product"
    ],
    "object_id": "7",
    "object_repr": "\u041f\u043b\u0430\u0441\u0442\u0438\u043b\u0438\u043d",
    "action_flag": 2,
    "change_message": "[{\"changed\": {\"fields\": [\"description\"]}}]"
  }
},
{
  "model": "admin.logentry",
  "pk": 89,
  "fields": {
    "action_time": "2020-06-11T08:50:11.608Z",
    "user": [
      "admin"
    ],
    "content_type": [
      "webapp",
      "product"
    ],
    "object_id": "6",
    "object_repr": "\u041f\u043b\u0430\u0441\u0442\u0438\u043b\u0438\u043d",
    "action_flag": 2,
    "change_message": "[{\"changed\": {\"fields\": [\"description\"]}}]"
  }
},
{
  "model": "admin.logentry",
  "pk": 90,
  "fields": {
    "action_time": "2020-06-11T08:54:23.152Z",
    "user": [
      "admin"
    ],
    "content_type": [
      "webapp",
      "product"
    ],
    "object_id": "5",
    "object_repr": "\u041a\u0440\u0430\u0441\u043a\u0438",
    "action_flag": 2,
    "change_message": "[{\"changed\": {\"fields\": [\"description\"]}}]"
  }
},
{
  "model": "admin.logentry",
  "pk": 91,
  "fields": {
    "action_time": "2020-06-11T08:55:05.174Z",
    "user": [
      "admin"
    ],
    "content_type": [
      "webapp",
      "product"
    ],
    "object_id": "4",
    "object_repr": "\u0411\u0443\u043c\u0430\u0433\u0430",
    "action_flag": 2,
    "change_message": "[{\"changed\": {\"fields\": [\"description\"]}}]"
  }
},
{
  "model": "admin.logentry",
  "pk": 92,
  "fields": {
    "action_time": "2020-06-11T08:55:10.006Z",
    "user": [
      "admin"
    ],
    "content_type": [
      "webapp",
      "product"
    ],
    "object_id": "3",
    "object_repr": "\u0411\u0443\u043c\u0430\u0433\u0430 \u0421\u043d\u0435\u0433\u0443\u0440\u043e\u0447\u043a\u0430",
    "action_flag": 2,
    "change_message": "[{\"changed\": {\"fields\": [\"description\"]}}]"
  }
},
{
  "model": "admin.logentry",
  "pk": 93,
  "fields": {
    "action_time": "2020-06-11T08:55:37.992Z",
    "user": [
      "admin"
    ],
    "content_type": [
      "webapp",
      "product"
    ],
    "object_id": "2",
    "object_repr": "\u041a\u0430\u0440\u0430\u043d\u0434\u0430\u0448",
    "action_flag": 2,
    "change_message": "[{\"changed\": {\"fields\": [\"description\"]}}]"
  }
},
{
  "model": "admin.logentry",
  "pk": 94,
  "fields": {
    "action_time": "2020-06-11T08:55:43.046Z",
    "user": [
      "admin"
    ],
    "content_type": [
      "webapp",
      "product"
    ],
    "object_id": "1",
    "object_repr": "\u041a\u0430\u0440\u0430\u043d\u0434\u0430\u0448",
    "action_flag": 2,
    "change_message": "[{\"changed\": {\"fields\": [\"description\"]}}]"
  }
},
{
  "model": "admin.logentry",
  "pk": 95,
  "fields": {
    "action_time": "2020-06-12T09:47:58.844Z",
    "user": [
      "admin"
    ],
    "content_type": [
      "webapp",
      "product"
    ],
    "object_id": "9",
    "object_repr": "\u0422\u0435\u0442\u0440\u0430\u0434\u0438",
    "action_flag": 2,
    "change_message": "[{\"changed\": {\"fields\": [\"quantity\", \"brand\"]}}]"
  }
},
{
  "model": "admin.logentry",
  "pk": 96,
  "fields": {
    "action_time": "2020-06-12T09:48:21.784Z",
    "user": [
      "admin"
    ],
    "content_type": [
      "webapp",
      "product"
    ],
    "object_id": "8",
    "object_repr": "\u0422\u0435\u0442\u0440\u0430\u0434\u0438",
    "action_flag": 2,
    "change_message": "[{\"changed\": {\"fields\": [\"color\", \"quantity\", \"brand\"]}}]"
  }
},
{
  "model": "admin.logentry",
  "pk": 97,
  "fields": {
    "action_time": "2020-06-12T09:48:32.969Z",
    "user": [
      "admin"
    ],
    "content_type": [
      "webapp",
      "product"
    ],
    "object_id": "7",
    "object_repr": "\u041f\u043b\u0430\u0441\u0442\u0438\u043b\u0438\u043d",
    "action_flag": 2,
    "change_message": "[{\"changed\": {\"fields\": [\"quantity\", \"brand\"]}}]"
  }
},
{
  "model": "admin.logentry",
  "pk": 98,
  "fields": {
    "action_time": "2020-06-12T09:48:47.705Z",
    "user": [
      "admin"
    ],
    "content_type": [
      "webapp",
      "product"
    ],
    "object_id": "6",
    "object_repr": "\u041f\u043b\u0430\u0441\u0442\u0438\u043b\u0438\u043d",
    "action_flag": 2,
    "change_message": "[{\"changed\": {\"fields\": [\"quantity\", \"brand\"]}}]"
  }
},
{
  "model": "admin.logentry",
  "pk": 99,
  "fields": {
    "action_time": "2020-06-12T09:49:01.058Z",
    "user": [
      "admin"
    ],
    "content_type": [
      "webapp",
      "product"
    ],
    "object_id": "5",
    "object_repr": "\u041a\u0440\u0430\u0441\u043a\u0438",
    "action_flag": 2,
    "change_message": "[{\"changed\": {\"fields\": [\"quantity\", \"brand\"]}}]"
  }
},
{
  "model": "admin.logentry",
  "pk": 100,
  "fields": {
    "action_time": "2020-06-12T09:49:19.387Z",
    "user": [
      "admin"
    ],
    "content_type": [
      "webapp",
      "product"
    ],
    "object_id": "4",
    "object_repr": "\u0411\u0443\u043c\u0430\u0433\u0430",
    "action_flag": 2,
    "change_message": "[{\"changed\": {\"fields\": [\"quantity\"]}}]"
  }
},
{
  "model": "admin.logentry",
  "pk": 101,
  "fields": {
    "action_time": "2020-06-12T09:49:34.068Z",
    "user": [
      "admin"
    ],
    "content_type": [
      "webapp",
      "product"
    ],
    "object_id": "3",
    "object_repr": "\u0411\u0443\u043c\u0430\u0433\u0430 \u0421\u043d\u0435\u0433\u0443\u0440\u043e\u0447\u043a\u0430",
    "action_flag": 2,
    "change_message": "[{\"changed\": {\"fields\": [\"color\", \"quantity\"]}}]"
  }
},
{
  "model": "admin.logentry",
  "pk": 102,
  "fields": {
    "action_time": "2020-06-12T09:50:03.669Z",
    "user": [
      "admin"
    ],
    "content_type": [
      "webapp",
      "product"
    ],
    "object_id": "2",
    "object_repr": "\u041a\u0430\u0440\u0430\u043d\u0434\u0430\u0448",
    "action_flag": 2,
    "change_message": "[{\"changed\": {\"fields\": [\"color\", \"quantity\", \"brand\"]}}]"
  }
},
{
  "model": "admin.logentry",
  "pk": 103,
  "fields": {
    "action_time": "2020-06-12T09:50:19.876Z",
    "user": [
      "admin"
    ],
    "content_type": [
      "webapp",
      "product"
    ],
    "object_id": "1",
    "object_repr": "\u041a\u0430\u0440\u0430\u043d\u0434\u0430\u0448",
    "action_flag": 2,
    "change_message": "[{\"changed\": {\"fields\": [\"quantity\", \"brand\"]}}]"
  }
},
{
  "model": "admin.logentry",
  "pk": 104,
  "fields": {
    "action_time": "2020-06-16T10:18:08.702Z",
    "user": [
      "admin"
    ],
    "content_type": [
      "webapp",
      "product"
    ],
    "object_id": "9",
    "object_repr": "\u0422\u0435\u0442\u0440\u0430\u0434\u0438",
    "action_flag": 2,
    "change_message": "[{\"changed\": {\"fields\": [\"color\"]}}]"
  }
},
{
  "model": "admin.logentry",
  "pk": 105,
  "fields": {
    "action_time": "2020-06-16T10:18:18.366Z",
    "user": [
      "admin"
    ],
    "content_type": [
      "webapp",
      "product"
    ],
    "object_id": "5",
    "object_repr": "\u041a\u0440\u0430\u0441\u043a\u0438",
    "action_flag": 2,
    "change_message": "[{\"changed\": {\"fields\": [\"color\"]}}]"
  }
},
{
  "model": "admin.logentry",
  "pk": 106,
  "fields": {
    "action_time": "2020-06-16T10:18:25.772Z",
    "user": [
      "admin"
    ],
    "content_type": [
      "webapp",
      "product"
    ],
    "object_id": "1",
    "object_repr": "\u041a\u0430\u0440\u0430\u043d\u0434\u0430\u0448",
    "action_flag": 2,
    "change_message": "[]"
  }
},
{
  "model": "admin.logentry",
  "pk": 107,
  "fields": {
    "action_time": "2020-06-17T07:49:11.466Z",
    "user": [
      "admin"
    ],
    "content_type": [
      "webapp",
      "product"
    ],
    "object_id": "11",
    "object_repr": "\u0420\u0443\u0447\u043a\u0430",
    "action_flag": 2,
    "change_message": "[{\"changed\": {\"fields\": [\"discount\"]}}]"
  }
},
{
  "model": "admin.logentry",
  "pk": 108,
  "fields": {
    "action_time": "2020-06-17T08:15:04.239Z",
    "user": [
      "admin"
    ],
    "content_type": [
      "webapp",
      "product"
    ],
    "object_id": "6",
    "object_repr": "\u041f\u043b\u0430\u0441\u0442\u0438\u043b\u0438\u043d",
    "action_flag": 2,
    "change_message": "[{\"changed\": {\"fields\": [\"discount\"]}}]"
  }
},
{
  "model": "admin.logentry",
  "pk": 109,
  "fields": {
    "action_time": "2020-06-17T12:15:04.461Z",
    "user": [
      "admin"
    ],
    "content_type": [
      "webapp",
      "deliveryaddress"
    ],
    "object_id": "2",
    "object_repr": "Bishkek/\u0421\u043e\u0432\u0435\u0442\u0441\u043a\u0430\u044f/1",
    "action_flag": 2,
    "change_message": "[{\"changed\": {\"fields\": [\"user\"]}}]"
  }
},
{
  "model": "admin.logentry",
  "pk": 110,
  "fields": {
    "action_time": "2020-06-17T12:16:00.396Z",
    "user": [
      "admin"
    ],
    "content_type": [
      "webapp",
      "deliveryaddress"
    ],
    "object_id": "1",
    "object_repr": "Bishkek/\u041f\u0430\u043d\u0444\u0438\u043b\u043e\u0432\u0430/170",
    "action_flag": 2,
    "change_message": "[{\"changed\": {\"fields\": [\"user\"]}}]"
  }
},
{
  "model": "admin.logentry",
  "pk": 111,
  "fields": {
    "action_time": "2020-06-17T12:30:03.800Z",
    "user": [
      "admin"
    ],
    "content_type": [
      "webapp",
      "deliveryaddress"
    ],
    "object_id": "1",
    "object_repr": "Bishkek/\u041f\u0430\u043d\u0444\u0438\u043b\u043e\u0432\u0430/170",
    "action_flag": 2,
    "change_message": "[{\"changed\": {\"fields\": [\"user\"]}}]"
  }
},
{
  "model": "admin.logentry",
  "pk": 112,
  "fields": {
    "action_time": "2020-06-17T12:30:09.650Z",
    "user": [
      "admin"
    ],
    "content_type": [
      "webapp",
      "deliveryaddress"
    ],
    "object_id": "1",
    "object_repr": "Bishkek/\u041f\u0430\u043d\u0444\u0438\u043b\u043e\u0432\u0430/170",
    "action_flag": 2,
    "change_message": "[]"
  }
},
{
  "model": "admin.logentry",
  "pk": 113,
  "fields": {
    "action_time": "2020-06-17T12:30:14.891Z",
    "user": [
      "admin"
    ],
    "content_type": [
      "webapp",
      "deliveryaddress"
    ],
    "object_id": "2",
    "object_repr": "Bishkek/\u0421\u043e\u0432\u0435\u0442\u0441\u043a\u0430\u044f/1",
    "action_flag": 2,
    "change_message": "[{\"changed\": {\"fields\": [\"user\"]}}]"
  }
},
{
  "model": "admin.logentry",
  "pk": 114,
  "fields": {
    "action_time": "2020-06-18T05:34:46.054Z",
    "user": [
      "admin"
    ],
    "content_type": [
      "webapp",
      "deliveryaddress"
    ],
    "object_id": "2",
    "object_repr": "Bishkek/\u0421\u043e\u0432\u0435\u0442\u0441\u043a\u0430\u044f/1",
    "action_flag": 2,
    "change_message": "[{\"changed\": {\"fields\": [\"user\"]}}]"
  }
},
{
  "model": "admin.logentry",
  "pk": 115,
  "fields": {
    "action_time": "2020-06-18T09:12:13.539Z",
    "user": [
      "admin"
    ],
    "content_type": [
      "webapp",
      "deliverycost"
    ],
    "object_id": "8",
    "object_repr": "2000 / \u0431\u0435\u0441\u043f\u043b\u0430\u0442\u043d\u043e \u043e\u0442 50000 / 2020-06-18",
    "action_flag": 1,
    "change_message": "[{\"added\": {}}]"
  }
},
{
  "model": "admin.logentry",
  "pk": 116,
  "fields": {
    "action_time": "2020-06-18T09:24:27.399Z",
    "user": [
      "admin"
    ],
    "content_type": [
      "webapp",
      "deliveryaddress"
    ],
    "object_id": "2",
    "object_repr": "Bishkek/\u0421\u043e\u0432\u0435\u0442\u0441\u043a\u0430\u044f/1",
    "action_flag": 2,
    "change_message": "[{\"changed\": {\"fields\": [\"user\"]}}]"
  }
},
{
  "model": "admin.logentry",
  "pk": 117,
  "fields": {
    "action_time": "2020-06-18T10:24:01.298Z",
    "user": [
      "admin"
    ],
    "content_type": [
      "webapp",
      "deliverycost"
    ],
    "object_id": "9",
    "object_repr": "150 / \u0431\u0435\u0441\u043f\u043b\u0430\u0442\u043d\u043e \u043e\u0442 2000 / 2020-06-18",
    "action_flag": 1,
    "change_message": "[{\"added\": {}}]"
  }
},
{
  "model": "admin.logentry",
  "pk": 118,
  "fields": {
    "action_time": "2020-06-19T04:30:22.760Z",
    "user": [
      "admin"
    ],
    "content_type": [
      "auth",
      "user"
    ],
    "object_id": "1",
    "object_repr": "admin",
    "action_flag": 2,
    "change_message": "[{\"changed\": {\"fields\": [\"first_name\", \"last_name\", \"email\"]}}]"
  }
},
{
  "model": "admin.logentry",
  "pk": 119,
  "fields": {
    "action_time": "2020-06-19T06:22:55.050Z",
    "user": [
      "admin"
    ],
    "content_type": [
      "webapp",
      "order"
    ],
    "object_id": "80",
    "object_repr": "tyzo4ka@gmail.com / 2403674432",
    "action_flag": 3,
    "change_message": ""
  }
},
{
  "model": "admin.logentry",
  "pk": 120,
  "fields": {
    "action_time": "2020-06-19T06:22:55.053Z",
    "user": [
      "admin"
    ],
    "content_type": [
      "webapp",
      "order"
    ],
    "object_id": "79",
    "object_repr": "tyza@mail.ru / +996555444855",
    "action_flag": 3,
    "change_message": ""
  }
},
{
  "model": "admin.logentry",
  "pk": 121,
  "fields": {
    "action_time": "2020-06-19T06:22:55.054Z",
    "user": [
      "admin"
    ],
    "content_type": [
      "webapp",
      "order"
    ],
    "object_id": "78",
    "object_repr": "tyza@mail.ru / +996555444855",
    "action_flag": 3,
    "change_message": ""
  }
},
{
  "model": "admin.logentry",
  "pk": 122,
  "fields": {
    "action_time": "2020-06-19T06:22:55.055Z",
    "user": [
      "admin"
    ],
    "content_type": [
      "webapp",
      "order"
    ],
    "object_id": "77",
    "object_repr": "tyza@mail.ru / +996555444855",
    "action_flag": 3,
    "change_message": ""
  }
},
{
  "model": "admin.logentry",
  "pk": 123,
  "fields": {
    "action_time": "2020-06-19T06:22:55.057Z",
    "user": [
      "admin"
    ],
    "content_type": [
      "webapp",
      "order"
    ],
    "object_id": "75",
    "object_repr": "tyza@mail.ru / +996555444855",
    "action_flag": 3,
    "change_message": ""
  }
},
{
  "model": "admin.logentry",
  "pk": 124,
  "fields": {
    "action_time": "2020-06-19T06:22:55.058Z",
    "user": [
      "admin"
    ],
    "content_type": [
      "webapp",
      "order"
    ],
    "object_id": "74",
    "object_repr": "tyza@mail.ru / +996555444855",
    "action_flag": 3,
    "change_message": ""
  }
},
{
  "model": "admin.logentry",
  "pk": 125,
  "fields": {
    "action_time": "2020-06-19T06:22:55.059Z",
    "user": [
      "admin"
    ],
    "content_type": [
      "webapp",
      "order"
    ],
    "object_id": "73",
    "object_repr": "tyza@mail.ru / +996555444855",
    "action_flag": 3,
    "change_message": ""
  }
},
{
  "model": "admin.logentry",
  "pk": 126,
  "fields": {
    "action_time": "2020-06-19T06:22:55.060Z",
    "user": [
      "admin"
    ],
    "content_type": [
      "webapp",
      "order"
    ],
    "object_id": "72",
    "object_repr": "tyz2a@mail.ru / +996555444855",
    "action_flag": 3,
    "change_message": ""
  }
},
{
  "model": "admin.logentry",
  "pk": 127,
  "fields": {
    "action_time": "2020-06-19T06:22:55.061Z",
    "user": [
      "admin"
    ],
    "content_type": [
      "webapp",
      "order"
    ],
    "object_id": "71",
    "object_repr": "tyza2@mail.ru / +996555444855",
    "action_flag": 3,
    "change_message": ""
  }
},
{
  "model": "admin.logentry",
  "pk": 128,
  "fields": {
    "action_time": "2020-06-19T06:23:29.984Z",
    "user": [
      "admin"
    ],
    "content_type": [
      "webapp",
      "deliveryaddress"
    ],
    "object_id": "18",
    "object_repr": "Bishkek/\u041b\u043e\u0433\u0432\u0438\u043d\u0435\u043d\u043a\u043e/48",
    "action_flag": 3,
    "change_message": ""
  }
},
{
  "model": "admin.logentry",
  "pk": 129,
  "fields": {
    "action_time": "2020-06-19T06:23:29.986Z",
    "user": [
      "admin"
    ],
    "content_type": [
      "webapp",
      "deliveryaddress"
    ],
    "object_id": "17",
    "object_repr": "Bishkek/\u041b\u043e\u0433\u0432\u0438\u043d\u0435\u043d\u043a\u043e/49",
    "action_flag": 3,
    "change_message": ""
  }
},
{
  "model": "admin.logentry",
  "pk": 130,
  "fields": {
    "action_time": "2020-06-19T06:23:36.664Z",
    "user": [
      "admin"
    ],
    "content_type": [
      "webapp",
      "deliveryaddress"
    ],
    "object_id": "16",
    "object_repr": "Bishkek/\u041b\u043e\u0433\u0432\u0438\u043d\u0435\u043d\u043a\u043e/47",
    "action_flag": 3,
    "change_message": ""
  }
},
{
  "model": "admin.logentry",
  "pk": 131,
  "fields": {
    "action_time": "2020-06-19T06:23:36.666Z",
    "user": [
      "admin"
    ],
    "content_type": [
      "webapp",
      "deliveryaddress"
    ],
    "object_id": "15",
    "object_repr": "Bishkek/\u041b\u043e\u0433\u0432\u0438\u043d\u0435\u043d\u043a\u043e/46",
    "action_flag": 3,
    "change_message": ""
  }
},
{
  "model": "admin.logentry",
  "pk": 132,
  "fields": {
    "action_time": "2020-06-19T06:23:36.667Z",
    "user": [
      "admin"
    ],
    "content_type": [
      "webapp",
      "deliveryaddress"
    ],
    "object_id": "14",
    "object_repr": "Bishkek/\u041b\u043e\u0433\u0432\u0438\u043d\u0435\u043d\u043a\u043e/45",
    "action_flag": 3,
    "change_message": ""
  }
},
{
  "model": "admin.logentry",
  "pk": 133,
  "fields": {
    "action_time": "2020-06-19T06:23:36.668Z",
    "user": [
      "admin"
    ],
    "content_type": [
      "webapp",
      "deliveryaddress"
    ],
    "object_id": "13",
    "object_repr": "Bishkek/\u041b\u043e\u0433\u0432\u0438\u043d\u0435\u043d\u043a\u043e/44",
    "action_flag": 3,
    "change_message": ""
  }
},
{
  "model": "admin.logentry",
  "pk": 134,
  "fields": {
    "action_time": "2020-06-19T06:23:36.669Z",
    "user": [
      "admin"
    ],
    "content_type": [
      "webapp",
      "deliveryaddress"
    ],
    "object_id": "12",
    "object_repr": "Bear/467 Carson Dr/55",
    "action_flag": 3,
    "change_message": ""
  }
},
{
  "model": "admin.logentry",
  "pk": 135,
  "fields": {
    "action_time": "2020-06-19T06:23:43.261Z",
    "user": [
      "admin"
    ],
    "content_type": [
      "webapp",
      "deliveryaddress"
    ],
    "object_id": "11",
    "object_repr": "Bishkek/g Sovmina 2, kv 4/55",
    "action_flag": 3,
    "change_message": ""
  }
},
{
  "model": "admin.logentry",
  "pk": 136,
  "fields": {
    "action_time": "2020-06-19T06:23:43.263Z",
    "user": [
      "admin"
    ],
    "content_type": [
      "webapp",
      "deliveryaddress"
    ],
    "object_id": "10",
    "object_repr": "Bishkek/g Sovmina 2, kv 4/55",
    "action_flag": 3,
    "change_message": ""
  }
},
{
  "model": "admin.logentry",
  "pk": 137,
  "fields": {
    "action_time": "2020-06-19T06:23:43.264Z",
    "user": [
      "admin"
    ],
    "content_type": [
      "webapp",
      "deliveryaddress"
    ],
    "object_id": "9",
    "object_repr": "Bishkek/g Sovmina 2, kv 4/55",
    "action_flag": 3,
    "change_message": ""
  }
},
{
  "model": "admin.logentry",
  "pk": 138,
  "fields": {
    "action_time": "2020-06-19T06:23:43.265Z",
    "user": [
      "admin"
    ],
    "content_type": [
      "webapp",
      "deliveryaddress"
    ],
    "object_id": "8",
    "object_repr": "Bear/fffdf/11",
    "action_flag": 3,
    "change_message": ""
  }
},
{
  "model": "admin.logentry",
  "pk": 139,
  "fields": {
    "action_time": "2020-06-19T06:23:58.563Z",
    "user": [
      "admin"
    ],
    "content_type": [
      "webapp",
      "deliveryaddress"
    ],
    "object_id": "7",
    "object_repr": "Bishkek//55",
    "action_flag": 3,
    "change_message": ""
  }
},
{
  "model": "admin.logentry",
  "pk": 140,
  "fields": {
    "action_time": "2020-06-19T06:23:58.565Z",
    "user": [
      "admin"
    ],
    "content_type": [
      "webapp",
      "deliveryaddress"
    ],
    "object_id": "6",
    "object_repr": "Bishkek/g Sovmina 2, kv 4/55",
    "action_flag": 3,
    "change_message": ""
  }
},
{
  "model": "admin.logentry",
  "pk": 141,
  "fields": {
    "action_time": "2020-06-19T06:23:58.566Z",
    "user": [
      "admin"
    ],
    "content_type": [
      "webapp",
      "deliveryaddress"
    ],
    "object_id": "5",
    "object_repr": "Bishkek/g Sovmina /12",
    "action_flag": 3,
    "change_message": ""
  }
},
{
  "model": "admin.logentry",
  "pk": 142,
  "fields": {
    "action_time": "2020-06-19T06:23:58.567Z",
    "user": [
      "admin"
    ],
    "content_type": [
      "webapp",
      "deliveryaddress"
    ],
    "object_id": "4",
    "object_repr": "dfdff/fkjfjf/12",
    "action_flag": 3,
    "change_message": ""
  }
},
{
  "model": "admin.logentry",
  "pk": 143,
  "fields": {
    "action_time": "2020-06-19T06:24:14.225Z",
    "user": [
      "admin"
    ],
    "content_type": [
      "webapp",
      "order"
    ],
    "object_id": "70",
    "object_repr": "tyza@mail.ru / +996555444855",
    "action_flag": 3,
    "change_message": ""
  }
},
{
  "model": "admin.logentry",
  "pk": 144,
  "fields": {
    "action_time": "2020-06-19T06:24:29.659Z",
    "user": [
      "admin"
    ],
    "content_type": [
      "webapp",
      "deliveryaddress"
    ],
    "object_id": "3",
    "object_repr": "\u0411\u0438\u0448\u043a\u0435\u043a/\u041b\u043e\u0433\u0432\u0438\u043d\u0435\u043d\u043a\u043e/55",
    "action_flag": 3,
    "change_message": ""
  }
}
]
